"global_step","GAIL-v0_off_samp_SN - _step","GAIL-v0_off_samp_SN - _step__MIN","GAIL-v0_off_samp_SN - _step__MAX","GAIL-v0_off_samp_SN - return/test/ep_rew_mean","GAIL-v0_off_samp_SN - return/test/ep_rew_mean__MIN","GAIL-v0_off_samp_SN - return/test/ep_rew_mean__MAX","GAIL-v0_on_samp - _step","GAIL-v0_on_samp - _step__MIN","GAIL-v0_on_samp - _step__MAX","GAIL-v0_on_samp - return/test/ep_rew_mean","GAIL-v0_on_samp - return/test/ep_rew_mean__MIN","GAIL-v0_on_samp - return/test/ep_rew_mean__MAX"
"10000","0","0","0","253.6969451904297","253.6969451904297","253.6969451904297","0","0","0","11.470221519470215","11.470221519470215","11.470221519470215"
"15000","3","3","3","193.12428283691406","193.12428283691406","193.12428283691406","3","3","3","248.0816192626953","248.0816192626953","248.0816192626953"
"20000","6","6","6","80.81873321533203","80.81873321533203","80.81873321533203","6","6","6","1018.7647705078125","1018.7647705078125","1018.7647705078125"
"25000","9","9","9","358.1907043457031","358.1907043457031","358.1907043457031","9","9","9","338.2388916015625","338.2388916015625","338.2388916015625"
"30000","12","12","12","46.90275192260742","46.90275192260742","46.90275192260742","12","12","12","301.31884765625","301.31884765625","301.31884765625"
"35000","15","15","15","317.42584228515625","317.42584228515625","317.42584228515625","15","15","15","9.179903030395508","9.179903030395508","9.179903030395508"
"40000","18","18","18","173.37738037109375","173.37738037109375","173.37738037109375","18","18","18","69.17444610595703","69.17444610595703","69.17444610595703"
"45000","21","21","21","644.442626953125","644.442626953125","644.442626953125","21","21","21","984.30615234375","984.30615234375","984.30615234375"
"50000","24","24","24","373.4928894042969","373.4928894042969","373.4928894042969","24","24","24","260.69635009765625","260.69635009765625","260.69635009765625"
"55000","27","27","27","682.4334716796875","682.4334716796875","682.4334716796875","27","27","27","257.80413818359375","257.80413818359375","257.80413818359375"
"60000","30","30","30","585.4208984375","585.4208984375","585.4208984375","30","30","30","671.141845703125","671.141845703125","671.141845703125"
"65000","33","33","33","424.3642578125","424.3642578125","424.3642578125","33","33","33","570.1168212890625","570.1168212890625","570.1168212890625"
"70000","36","36","36","1047.2222900390625","1047.2222900390625","1047.2222900390625","36","36","36","22.479576110839844","22.479576110839844","22.479576110839844"
"75000","39","39","39","1028.0963134765625","1028.0963134765625","1028.0963134765625","39","39","39","238.9925079345703","238.9925079345703","238.9925079345703"
"80000","42","42","42","1159.1466064453125","1159.1466064453125","1159.1466064453125","42","42","42","38.814395904541016","38.814395904541016","38.814395904541016"
"85000","45","45","45","1377.2537841796875","1377.2537841796875","1377.2537841796875","45","45","45","207.93496704101562","207.93496704101562","207.93496704101562"
"90000","48","48","48","2054.358154296875","2054.358154296875","2054.358154296875","48","48","48","181.91378784179688","181.91378784179688","181.91378784179688"
"95000","51","51","51","1961.104736328125","1961.104736328125","1961.104736328125","51","51","51","418.1737976074219","418.1737976074219","418.1737976074219"
"100000","54","54","54","1113.2135009765625","1113.2135009765625","1113.2135009765625","54","54","54","382.97479248046875","382.97479248046875","382.97479248046875"
"105000","57","57","57","1359.2178955078125","1359.2178955078125","1359.2178955078125","57","57","57","155.80137634277344","155.80137634277344","155.80137634277344"
"110000","59","59","59","3139.29736328125","3139.29736328125","3139.29736328125","59","59","59","414.3858337402344","414.3858337402344","414.3858337402344"
"115000","62","62","62","2592.973876953125","2592.973876953125","2592.973876953125","62","62","62","951.8681030273438","951.8681030273438","951.8681030273438"
"120000","65","65","65","995.5369873046875","995.5369873046875","995.5369873046875","65","65","65","798.5921020507812","798.5921020507812","798.5921020507812"
"125000","68","68","68","1434.2177734375","1434.2177734375","1434.2177734375","68","68","68","227.5182342529297","227.5182342529297","227.5182342529297"
"130000","71","71","71","968.894775390625","968.894775390625","968.894775390625","71","71","71","1228.3326416015625","1228.3326416015625","1228.3326416015625"
"135000","74","74","74","2328.45947265625","2328.45947265625","2328.45947265625","74","74","74","682.2640380859375","682.2640380859375","682.2640380859375"
"140000","77","77","77","1620.5926513671875","1620.5926513671875","1620.5926513671875","77","77","77","1036.376953125","1036.376953125","1036.376953125"
"145000","80","80","80","2872.812255859375","2872.812255859375","2872.812255859375","80","80","80","609.2189331054688","609.2189331054688","609.2189331054688"
"150000","83","83","83","3405.9462890625","3405.9462890625","3405.9462890625","83","83","83","794.8901977539062","794.8901977539062","794.8901977539062"
"155000","86","86","86","3454.55615234375","3454.55615234375","3454.55615234375","86","86","86","862.9885864257812","862.9885864257812","862.9885864257812"
"160000","89","89","89","3521.8291015625","3521.8291015625","3521.8291015625","89","89","89","691.7639770507812","691.7639770507812","691.7639770507812"
"165000","92","92","92","3481.9716796875","3481.9716796875","3481.9716796875","92","92","92","1006.9552001953125","1006.9552001953125","1006.9552001953125"
"170000","95","95","95","3596.2666015625","3596.2666015625","3596.2666015625","95","95","95","1008.0038452148438","1008.0038452148438","1008.0038452148438"
"175000","98","98","98","3597.6123046875","3597.6123046875","3597.6123046875","98","98","98","645.7738037109375","645.7738037109375","645.7738037109375"
"180000","101","101","101","3654.0634765625","3654.0634765625","3654.0634765625","101","101","101","1007.3766479492188","1007.3766479492188","1007.3766479492188"
"185000","104","104","104","3676.579833984375","3676.579833984375","3676.579833984375","104","104","104","998.5858154296875","998.5858154296875","998.5858154296875"
"190000","107","107","107","3535.30224609375","3535.30224609375","3535.30224609375","107","107","107","997.8834838867188","997.8834838867188","997.8834838867188"
"195000","110","110","110","3575.325439453125","3575.325439453125","3575.325439453125","110","110","110","998.4015502929688","998.4015502929688","998.4015502929688"
"200000","113","113","113","3577.369873046875","3577.369873046875","3577.369873046875","113","113","113","489.46124267578125","489.46124267578125","489.46124267578125"
"205000","116","116","116","3560.4599609375","3560.4599609375","3560.4599609375","116","116","116","135.16867065429688","135.16867065429688","135.16867065429688"
"210000","119","119","119","3502.91015625","3502.91015625","3502.91015625","119","119","119","253.60458374023438","253.60458374023438","253.60458374023438"
"215000","121","121","121","2993.783203125","2993.783203125","2993.783203125","121","121","121","204.22958374023438","204.22958374023438","204.22958374023438"
"220000","124","124","124","1382.772705078125","1382.772705078125","1382.772705078125","124","124","124","1039.5115966796875","1039.5115966796875","1039.5115966796875"
"225000","127","127","127","2108.5751953125","2108.5751953125","2108.5751953125","127","127","127","908.2213745117188","908.2213745117188","908.2213745117188"
"230000","130","130","130","3598.716552734375","3598.716552734375","3598.716552734375","130","130","130","319.8446960449219","319.8446960449219","319.8446960449219"
"235000","133","133","133","3602.86474609375","3602.86474609375","3602.86474609375","133","133","133","848.583984375","848.583984375","848.583984375"
"240000","136","136","136","3562.433837890625","3562.433837890625","3562.433837890625","136","136","136","86.9926528930664","86.9926528930664","86.9926528930664"
"245000","139","139","139","3357.07275390625","3357.07275390625","3357.07275390625","139","139","139","354.5035095214844","354.5035095214844","354.5035095214844"
"250000","142","142","142","3382.829345703125","3382.829345703125","3382.829345703125","142","142","142","3383.788330078125","3383.788330078125","3383.788330078125"
"255000","145","145","145","3567.309326171875","3567.309326171875","3567.309326171875","145","145","145","757.1932983398438","757.1932983398438","757.1932983398438"
"260000","148","148","148","3556.274169921875","3556.274169921875","3556.274169921875","148","148","148","505.42462158203125","505.42462158203125","505.42462158203125"
"265000","151","151","151","3578.3134765625","3578.3134765625","3578.3134765625","151","151","151","507.09368896484375","507.09368896484375","507.09368896484375"
"270000","154","154","154","3608.248779296875","3608.248779296875","3608.248779296875","154","154","154","494.38861083984375","494.38861083984375","494.38861083984375"
"275000","157","157","157","3576.99609375","3576.99609375","3576.99609375","157","157","157","518.30126953125","518.30126953125","518.30126953125"
"280000","160","160","160","3642.67138671875","3642.67138671875","3642.67138671875","160","160","160","1952.6209716796875","1952.6209716796875","1952.6209716796875"
"285000","163","163","163","3599.9892578125","3599.9892578125","3599.9892578125","163","163","163","694.63525390625","694.63525390625","694.63525390625"
"290000","166","166","166","3584.87451171875","3584.87451171875","3584.87451171875","166","166","166","816.4630126953125","816.4630126953125","816.4630126953125"
"295000","169","169","169","3548.260986328125","3548.260986328125","3548.260986328125","169","169","169","2585.805419921875","2585.805419921875","2585.805419921875"
"300000","172","172","172","3619.51708984375","3619.51708984375","3619.51708984375","172","172","172","505.3159484863281","505.3159484863281","505.3159484863281"
"305000","175","175","175","3159.520751953125","3159.520751953125","3159.520751953125","175","175","175","678.40283203125","678.40283203125","678.40283203125"
"310000","178","178","178","3572.89697265625","3572.89697265625","3572.89697265625","178","178","178","790.0053100585938","790.0053100585938","790.0053100585938"
"315000","181","181","181","3604.9931640625","3604.9931640625","3604.9931640625","181","181","181","1045.9979248046875","1045.9979248046875","1045.9979248046875"
"320000","183","183","183","3047.030517578125","3047.030517578125","3047.030517578125","183","183","183","1568.0889892578125","1568.0889892578125","1568.0889892578125"
"325000","185","185","185","3442.460205078125","3442.460205078125","3442.460205078125","185","185","185","3021.98974609375","3021.98974609375","3021.98974609375"
"330000","188","188","188","3589.452392578125","3589.452392578125","3589.452392578125","188","188","188","829.9573974609375","829.9573974609375","829.9573974609375"
"335000","191","191","191","711.5064086914062","711.5064086914062","711.5064086914062","191","191","191","422.3246765136719","422.3246765136719","422.3246765136719"
"340000","194","194","194","3586.32666015625","3586.32666015625","3586.32666015625","194","194","194","1579.8193359375","1579.8193359375","1579.8193359375"
"345000","197","197","197","3139.832275390625","3139.832275390625","3139.832275390625","197","197","197","3355.684814453125","3355.684814453125","3355.684814453125"
"350000","200","200","200","921.9058227539062","921.9058227539062","921.9058227539062","200","200","200","3507.9931640625","3507.9931640625","3507.9931640625"
"355000","203","203","203","3585.940673828125","3585.940673828125","3585.940673828125","203","203","203","1477.0196533203125","1477.0196533203125","1477.0196533203125"
"360000","206","206","206","3682.638427734375","3682.638427734375","3682.638427734375","206","206","206","487.0369567871094","487.0369567871094","487.0369567871094"
"365000","209","209","209","3639.2744140625","3639.2744140625","3639.2744140625","209","209","209","527.265380859375","527.265380859375","527.265380859375"
"370000","212","212","212","3646.1435546875","3646.1435546875","3646.1435546875","212","212","212","509.5465393066406","509.5465393066406","509.5465393066406"
"375000","215","215","215","2700.374755859375","2700.374755859375","2700.374755859375","215","215","215","480.16015625","480.16015625","480.16015625"
"380000","218","218","218","3600.023193359375","3600.023193359375","3600.023193359375","218","218","218","734.3508911132812","734.3508911132812","734.3508911132812"
"385000","221","221","221","3628.08544921875","3628.08544921875","3628.08544921875","221","221","221","650.1571044921875","650.1571044921875","650.1571044921875"
"390000","224","224","224","3448.40234375","3448.40234375","3448.40234375","224","224","224","577.806884765625","577.806884765625","577.806884765625"
"395000","227","227","227","3666.699951171875","3666.699951171875","3666.699951171875","227","227","227","812.6041259765625","812.6041259765625","812.6041259765625"
"400000","230","230","230","3650.086669921875","3650.086669921875","3650.086669921875","230","230","230","3031.8203125","3031.8203125","3031.8203125"
"405000","233","233","233","2381.33837890625","2381.33837890625","2381.33837890625","233","233","233","599.479248046875","599.479248046875","599.479248046875"
"410000","236","236","236","2190.05859375","2190.05859375","2190.05859375","236","236","236","1386.3837890625","1386.3837890625","1386.3837890625"
"415000","239","239","239","3644.66162109375","3644.66162109375","3644.66162109375","239","239","239","736.6138305664062","736.6138305664062","736.6138305664062"
"420000","242","242","242","2505.5185546875","2505.5185546875","2505.5185546875","242","242","242","3249.0087890625","3249.0087890625","3249.0087890625"
"425000","245","245","245","3616.49755859375","3616.49755859375","3616.49755859375","245","245","245","3478.729736328125","3478.729736328125","3478.729736328125"
"430000","247","247","247","3617.819580078125","3617.819580078125","3617.819580078125","247","247","247","3430.35791015625","3430.35791015625","3430.35791015625"
"435000","250","250","250","3632.141845703125","3632.141845703125","3632.141845703125","250","250","250","3360.478515625","3360.478515625","3360.478515625"
"440000","253","253","253","3609.17236328125","3609.17236328125","3609.17236328125","253","253","253","3408.197998046875","3408.197998046875","3408.197998046875"
"445000","256","256","256","3596.652099609375","3596.652099609375","3596.652099609375","256","256","256","3300.846435546875","3300.846435546875","3300.846435546875"
"450000","259","259","259","3574.2001953125","3574.2001953125","3574.2001953125","259","259","259","3348.950927734375","3348.950927734375","3348.950927734375"
"455000","262","262","262","3586.586181640625","3586.586181640625","3586.586181640625","262","262","262","1053.671142578125","1053.671142578125","1053.671142578125"
"460000","265","265","265","1956.384033203125","1956.384033203125","1956.384033203125","265","265","265","3435.70458984375","3435.70458984375","3435.70458984375"
"465000","268","268","268","3650.376220703125","3650.376220703125","3650.376220703125","268","268","268","3369.379638671875","3369.379638671875","3369.379638671875"
"470000","271","271","271","3614.16650390625","3614.16650390625","3614.16650390625","271","271","271","3445.3173828125","3445.3173828125","3445.3173828125"
"475000","274","274","274","3653.515625","3653.515625","3653.515625","274","274","274","3481.68115234375","3481.68115234375","3481.68115234375"
"480000","277","277","277","3645.142822265625","3645.142822265625","3645.142822265625","277","277","277","3520.42724609375","3520.42724609375","3520.42724609375"
"485000","280","280","280","2919.363525390625","2919.363525390625","2919.363525390625","280","280","280","3563.26611328125","3563.26611328125","3563.26611328125"
"490000","283","283","283","3577.801025390625","3577.801025390625","3577.801025390625","283","283","283","3542.22216796875","3542.22216796875","3542.22216796875"
"495000","286","286","286","3608.6943359375","3608.6943359375","3608.6943359375","286","286","286","3130.31787109375","3130.31787109375","3130.31787109375"
"500000","289","289","289","3663.631591796875","3663.631591796875","3663.631591796875","289","289","289","3583.845947265625","3583.845947265625","3583.845947265625"
"505000","292","292","292","2562.038330078125","2562.038330078125","2562.038330078125","292","292","292","3604.5078125","3604.5078125","3604.5078125"
"510000","295","295","295","3392.443115234375","3392.443115234375","3392.443115234375","295","295","295","2590.462158203125","2590.462158203125","2590.462158203125"
"515000","298","298","298","3636.714599609375","3636.714599609375","3636.714599609375","298","298","298","2777.504150390625","2777.504150390625","2777.504150390625"
"520000","301","301","301","3667.691162109375","3667.691162109375","3667.691162109375","301","301","301","3182.696044921875","3182.696044921875","3182.696044921875"
"525000","304","304","304","3662.400390625","3662.400390625","3662.400390625","304","304","304","3568.644287109375","3568.644287109375","3568.644287109375"
"530000","307","307","307","1485.563720703125","1485.563720703125","1485.563720703125","307","307","307","3573.502685546875","3573.502685546875","3573.502685546875"
"535000","309","309","309","3164.223388671875","3164.223388671875","3164.223388671875","309","309","309","2230.26611328125","2230.26611328125","2230.26611328125"
"540000","312","312","312","3290.683837890625","3290.683837890625","3290.683837890625","312","312","312","1960.306396484375","1960.306396484375","1960.306396484375"
"545000","315","315","315","3666.42578125","3666.42578125","3666.42578125","315","315","315","1325.6842041015625","1325.6842041015625","1325.6842041015625"
"550000","318","318","318","3666.53857421875","3666.53857421875","3666.53857421875","318","318","318","855.3720703125","855.3720703125","855.3720703125"
"555000","321","321","321","3199.122314453125","3199.122314453125","3199.122314453125","321","321","321","505.6809387207031","505.6809387207031","505.6809387207031"
"560000","324","324","324","3648.9765625","3648.9765625","3648.9765625","324","324","324","611.2315063476562","611.2315063476562","611.2315063476562"
"565000","327","327","327","3509.214111328125","3509.214111328125","3509.214111328125","327","327","327","684.0930786132812","684.0930786132812","684.0930786132812"
"570000","330","330","330","3696.376220703125","3696.376220703125","3696.376220703125","330","330","330","556.48974609375","556.48974609375","556.48974609375"
"575000","333","333","333","3672.60986328125","3672.60986328125","3672.60986328125","333","333","333","698.8777465820312","698.8777465820312","698.8777465820312"
"580000","336","336","336","3657.982421875","3657.982421875","3657.982421875","336","336","336","678.8456420898438","678.8456420898438","678.8456420898438"
"585000","339","339","339","3665.1826171875","3665.1826171875","3665.1826171875","339","339","339","884.9273071289062","884.9273071289062","884.9273071289062"
"590000","342","342","342","3680.971435546875","3680.971435546875","3680.971435546875","342","342","342","702.6259765625","702.6259765625","702.6259765625"
"595000","345","345","345","3147.3486328125","3147.3486328125","3147.3486328125","345","345","345","708.1528930664062","708.1528930664062","708.1528930664062"
"600000","348","348","348","3673.085205078125","3673.085205078125","3673.085205078125","348","348","348","751.978271484375","751.978271484375","751.978271484375"
"605000","351","351","351","3664.312744140625","3664.312744140625","3664.312744140625","351","351","351","697.5111083984375","697.5111083984375","697.5111083984375"
"610000","354","354","354","3675.8603515625","3675.8603515625","3675.8603515625","354","354","354","730.189208984375","730.189208984375","730.189208984375"
"615000","357","357","357","3677.425048828125","3677.425048828125","3677.425048828125","357","357","357","884.7017822265625","884.7017822265625","884.7017822265625"
"620000","360","360","360","3659.352783203125","3659.352783203125","3659.352783203125","360","360","360","768.3280029296875","768.3280029296875","768.3280029296875"
"625000","363","363","363","3019.972412109375","3019.972412109375","3019.972412109375","363","363","363","1118.5963134765625","1118.5963134765625","1118.5963134765625"
"630000","366","366","366","3669.97900390625","3669.97900390625","3669.97900390625","366","366","366","955.6632080078125","955.6632080078125","955.6632080078125"
"635000","369","369","369","3666.1357421875","3666.1357421875","3666.1357421875","369","369","369","1117.25244140625","1117.25244140625","1117.25244140625"
"640000","371","371","371","3666.416748046875","3666.416748046875","3666.416748046875","371","371","371","1235.362060546875","1235.362060546875","1235.362060546875"
"645000","373","373","373","3666.205810546875","3666.205810546875","3666.205810546875","373","373","373","1829.2403564453125","1829.2403564453125","1829.2403564453125"
"650000","376","376","376","3658.602294921875","3658.602294921875","3658.602294921875","376","376","376","885.0592041015625","885.0592041015625","885.0592041015625"
"655000","379","379","379","3697.686767578125","3697.686767578125","3697.686767578125","379","379","379","2147.049560546875","2147.049560546875","2147.049560546875"
"660000","382","382","382","3693.57275390625","3693.57275390625","3693.57275390625","382","382","382","1245.96337890625","1245.96337890625","1245.96337890625"
"665000","385","385","385","3656.218505859375","3656.218505859375","3656.218505859375","385","385","385","1265.575439453125","1265.575439453125","1265.575439453125"
"670000","388","388","388","3669.82861328125","3669.82861328125","3669.82861328125","388","388","388","929.2437744140625","929.2437744140625","929.2437744140625"
"675000","391","391","391","3439.404296875","3439.404296875","3439.404296875","391","391","391","994.56640625","994.56640625","994.56640625"
"680000","394","394","394","3449.71826171875","3449.71826171875","3449.71826171875","394","394","394","776.7394409179688","776.7394409179688","776.7394409179688"
"685000","397","397","397","3075.3916015625","3075.3916015625","3075.3916015625","397","397","397","2352.303466796875","2352.303466796875","2352.303466796875"
"690000","400","400","400","3672.8330078125","3672.8330078125","3672.8330078125","400","400","400","1595.8958740234375","1595.8958740234375","1595.8958740234375"
"695000","403","403","403","3675.630859375","3675.630859375","3675.630859375","403","403","403","1577.431640625","1577.431640625","1577.431640625"
"700000","406","406","406","3678.175048828125","3678.175048828125","3678.175048828125","406","406","406","1379.9920654296875","1379.9920654296875","1379.9920654296875"
"705000","409","409","409","2636.349853515625","2636.349853515625","2636.349853515625","409","409","409","1371.6175537109375","1371.6175537109375","1371.6175537109375"
"710000","412","412","412","3670.342529296875","3670.342529296875","3670.342529296875","412","412","412","1483.3624267578125","1483.3624267578125","1483.3624267578125"
"715000","415","415","415","3682.686279296875","3682.686279296875","3682.686279296875","415","415","415","1485.765625","1485.765625","1485.765625"
"720000","418","418","418","2902.612548828125","2902.612548828125","2902.612548828125","418","418","418","1191.773193359375","1191.773193359375","1191.773193359375"
"725000","421","421","421","3687.3603515625","3687.3603515625","3687.3603515625","421","421","421","2275.8037109375","2275.8037109375","2275.8037109375"
"730000","424","424","424","3670.74658203125","3670.74658203125","3670.74658203125","424","424","424","934.3912353515625","934.3912353515625","934.3912353515625"
"735000","427","427","427","3697.59619140625","3697.59619140625","3697.59619140625","427","427","427","862.5701293945312","862.5701293945312","862.5701293945312"
"740000","430","430","430","3690.245361328125","3690.245361328125","3690.245361328125","430","430","430","1767.5206298828125","1767.5206298828125","1767.5206298828125"
"745000","433","433","433","3432.51513671875","3432.51513671875","3432.51513671875","433","433","433","694.2034912109375","694.2034912109375","694.2034912109375"
"750000","435","435","435","3666.734619140625","3666.734619140625","3666.734619140625","435","435","435","1022.7150268554688","1022.7150268554688","1022.7150268554688"
"755000","438","438","438","2757.419677734375","2757.419677734375","2757.419677734375","438","438","438","560.7942504882812","560.7942504882812","560.7942504882812"
"760000","441","441","441","2674.060546875","2674.060546875","2674.060546875","441","441","441","948.2694091796875","948.2694091796875","948.2694091796875"
"765000","444","444","444","3679.2490234375","3679.2490234375","3679.2490234375","444","444","444","1007.0719604492188","1007.0719604492188","1007.0719604492188"
"770000","447","447","447","3616.721435546875","3616.721435546875","3616.721435546875","447","447","447","1181.4381103515625","1181.4381103515625","1181.4381103515625"
"775000","450","450","450","3669.8857421875","3669.8857421875","3669.8857421875","450","450","450","501.6391906738281","501.6391906738281","501.6391906738281"
"780000","453","453","453","3687.01025390625","3687.01025390625","3687.01025390625","453","453","453","1550.51953125","1550.51953125","1550.51953125"
"785000","456","456","456","3646.169677734375","3646.169677734375","3646.169677734375","456","456","456","497.9579162597656","497.9579162597656","497.9579162597656"
"790000","459","459","459","3661.067138671875","3661.067138671875","3661.067138671875","459","459","459","712.7012939453125","712.7012939453125","712.7012939453125"
"795000","462","462","462","3690.396240234375","3690.396240234375","3690.396240234375","462","462","462","1845.09033203125","1845.09033203125","1845.09033203125"
"800000","465","465","465","2343.040283203125","2343.040283203125","2343.040283203125","465","465","465","999.656982421875","999.656982421875","999.656982421875"
"805000","468","468","468","3675.31005859375","3675.31005859375","3675.31005859375","468","468","468","692.4337158203125","692.4337158203125","692.4337158203125"
"810000","471","471","471","2739.311279296875","2739.311279296875","2739.311279296875","471","471","471","2653.880126953125","2653.880126953125","2653.880126953125"
"815000","474","474","474","3645.130859375","3645.130859375","3645.130859375","474","474","474","2254.890869140625","2254.890869140625","2254.890869140625"
"820000","477","477","477","3713.05908203125","3713.05908203125","3713.05908203125","477","477","477","1392.25146484375","1392.25146484375","1392.25146484375"
"825000","480","480","480","3643.060546875","3643.060546875","3643.060546875","480","480","480","3578.784912109375","3578.784912109375","3578.784912109375"
"830000","483","483","483","3660.98681640625","3660.98681640625","3660.98681640625","483","483","483","1270.82470703125","1270.82470703125","1270.82470703125"
"835000","486","486","486","2756.904296875","2756.904296875","2756.904296875","486","486","486","3542.899169921875","3542.899169921875","3542.899169921875"
"840000","489","489","489","3711.33056640625","3711.33056640625","3711.33056640625","489","489","489","1698.741455078125","1698.741455078125","1698.741455078125"
"845000","492","492","492","2660.8837890625","2660.8837890625","2660.8837890625","492","492","492","2113.431396484375","2113.431396484375","2113.431396484375"
"850000","495","495","495","2338.440673828125","2338.440673828125","2338.440673828125","495","495","495","2605.368408203125","2605.368408203125","2605.368408203125"
"855000","497","497","497","3431.848876953125","3431.848876953125","3431.848876953125","497","497","497","3602.919921875","3602.919921875","3602.919921875"
"860000","500","500","500","3209.641845703125","3209.641845703125","3209.641845703125","500","500","500","1754.25","1754.25","1754.25"
"865000","503","503","503","3682.757080078125","3682.757080078125","3682.757080078125","503","503","503","3597.1806640625","3597.1806640625","3597.1806640625"
"870000","506","506","506","2738.6767578125","2738.6767578125","2738.6767578125","506","506","506","423.3177490234375","423.3177490234375","423.3177490234375"
"875000","509","509","509","3592.57080078125","3592.57080078125","3592.57080078125","509","509","509","3575.7978515625","3575.7978515625","3575.7978515625"
"880000","512","512","512","3210.310546875","3210.310546875","3210.310546875","512","512","512","419.9892578125","419.9892578125","419.9892578125"
"885000","515","515","515","3669.41455078125","3669.41455078125","3669.41455078125","515","515","515","1687.3101806640625","1687.3101806640625","1687.3101806640625"
"890000","518","518","518","3654.57763671875","3654.57763671875","3654.57763671875","518","518","518","388.6303405761719","388.6303405761719","388.6303405761719"
"895000","521","521","521","3679.809814453125","3679.809814453125","3679.809814453125","521","521","521","1160.2991943359375","1160.2991943359375","1160.2991943359375"
"900000","524","524","524","3686.023681640625","3686.023681640625","3686.023681640625","524","524","524","121.70471954345703","121.70471954345703","121.70471954345703"
"905000","527","527","527","3691.262939453125","3691.262939453125","3691.262939453125","527","527","527","408.2664489746094","408.2664489746094","408.2664489746094"
"910000","530","530","530","3646.093017578125","3646.093017578125","3646.093017578125","530","530","530","1158.640380859375","1158.640380859375","1158.640380859375"
"915000","533","533","533","1941.0244140625","1941.0244140625","1941.0244140625","533","533","533","981.2880859375","981.2880859375","981.2880859375"
"920000","536","536","536","2711.859130859375","2711.859130859375","2711.859130859375","536","536","536","181.52980041503906","181.52980041503906","181.52980041503906"
"925000","539","539","539","3214.904541015625","3214.904541015625","3214.904541015625","539","539","539","410.5450439453125","410.5450439453125","410.5450439453125"
"930000","542","542","542","3284.843505859375","3284.843505859375","3284.843505859375","542","542","542","403.36151123046875","403.36151123046875","403.36151123046875"
"935000","545","545","545","3625.004150390625","3625.004150390625","3625.004150390625","545","545","545","1693.320556640625","1693.320556640625","1693.320556640625"
"940000","548","548","548","3666.170166015625","3666.170166015625","3666.170166015625","548","548","548","408.5602722167969","408.5602722167969","408.5602722167969"
"945000","551","551","551","3626.902587890625","3626.902587890625","3626.902587890625","551","551","551","1923.0247802734375","1923.0247802734375","1923.0247802734375"
"950000","554","554","554","3629.009033203125","3629.009033203125","3629.009033203125","554","554","554","689.3899536132812","689.3899536132812","689.3899536132812"
"955000","557","557","557","3264.34521484375","3264.34521484375","3264.34521484375","557","557","557","700.05859375","700.05859375","700.05859375"
"960000","559","559","559","3651.22216796875","3651.22216796875","3651.22216796875","559","559","559","1049.3172607421875","1049.3172607421875","1049.3172607421875"
"965000","561","561","561","3634.329345703125","3634.329345703125","3634.329345703125","561","561","561","2012.1964111328125","2012.1964111328125","2012.1964111328125"
"970000","564","564","564","3612.328125","3612.328125","3612.328125","564","564","564","1781.401611328125","1781.401611328125","1781.401611328125"
"975000","567","567","567","3632.60986328125","3632.60986328125","3632.60986328125","567","567","567","1072.6263427734375","1072.6263427734375","1072.6263427734375"
"980000","570","570","570","3586.21337890625","3586.21337890625","3586.21337890625","570","570","570","668.5675048828125","668.5675048828125","668.5675048828125"
"985000","573","573","573","3568.513427734375","3568.513427734375","3568.513427734375","573","573","573","774.4992065429688","774.4992065429688","774.4992065429688"
"990000","576","576","576","3659.6552734375","3659.6552734375","3659.6552734375","576","576","576","1766.403076171875","1766.403076171875","1766.403076171875"
"995000","579","579","579","3654.463134765625","3654.463134765625","3654.463134765625","579","579","579","864.591796875","864.591796875","864.591796875"
"1000000","582","582","582","3646.8017578125","3646.8017578125","3646.8017578125","583","583","583","1382.4151611328125","1382.4151611328125","1382.4151611328125"
"1005000","585","585","585","3279.973876953125","3279.973876953125","3279.973876953125","","","","","",""
"1010000","588","588","588","3612.47900390625","3612.47900390625","3612.47900390625","","","","","",""
"1015000","591","591","591","2895.578857421875","2895.578857421875","2895.578857421875","","","","","",""
"1020000","594","594","594","3660.362548828125","3660.362548828125","3660.362548828125","","","","","",""
"1025000","597","597","597","3592.9794921875","3592.9794921875","3592.9794921875","","","","","",""
"1030000","600","600","600","3616.1982421875","3616.1982421875","3616.1982421875","","","","","",""
"1035000","603","603","603","3648.96728515625","3648.96728515625","3648.96728515625","","","","","",""
"1040000","606","606","606","3676.6669921875","3676.6669921875","3676.6669921875","","","","","",""
"1045000","609","609","609","3593.46044921875","3593.46044921875","3593.46044921875","","","","","",""
"1050000","612","612","612","3652.289794921875","3652.289794921875","3652.289794921875","","","","","",""
"1055000","615","615","615","3646.416259765625","3646.416259765625","3646.416259765625","","","","","",""
"1060000","618","618","618","2222.8251953125","2222.8251953125","2222.8251953125","","","","","",""
"1065000","621","621","621","3672.890380859375","3672.890380859375","3672.890380859375","","","","","",""
"1070000","623","623","623","3650.614013671875","3650.614013671875","3650.614013671875","","","","","",""
"1075000","626","626","626","3673.62451171875","3673.62451171875","3673.62451171875","","","","","",""
"1080000","629","629","629","3654.2197265625","3654.2197265625","3654.2197265625","","","","","",""
"1085000","632","632","632","3666.298095703125","3666.298095703125","3666.298095703125","","","","","",""
"1090000","635","635","635","3684.5810546875","3684.5810546875","3684.5810546875","","","","","",""
"1095000","638","638","638","3665.51708984375","3665.51708984375","3665.51708984375","","","","","",""
"1100000","641","641","641","3643.235107421875","3643.235107421875","3643.235107421875","","","","","",""
"1105000","644","644","644","2822.389892578125","2822.389892578125","2822.389892578125","","","","","",""
"1110000","647","647","647","2365.752197265625","2365.752197265625","2365.752197265625","","","","","",""
"1115000","650","650","650","3647.17236328125","3647.17236328125","3647.17236328125","","","","","",""
"1120000","653","653","653","3306.607421875","3306.607421875","3306.607421875","","","","","",""
"1125000","656","656","656","3650.799560546875","3650.799560546875","3650.799560546875","","","","","",""
"1130000","659","659","659","3713.796142578125","3713.796142578125","3713.796142578125","","","","","",""
"1135000","662","662","662","3635.895263671875","3635.895263671875","3635.895263671875","","","","","",""
"1140000","665","665","665","3658.723876953125","3658.723876953125","3658.723876953125","","","","","",""
"1145000","668","668","668","3649.040771484375","3649.040771484375","3649.040771484375","","","","","",""
"1150000","671","671","671","1362.86083984375","1362.86083984375","1362.86083984375","","","","","",""
"1155000","674","674","674","3671.23095703125","3671.23095703125","3671.23095703125","","","","","",""
"1160000","677","677","677","3638.3994140625","3638.3994140625","3638.3994140625","","","","","",""
"1165000","680","680","680","3016.240966796875","3016.240966796875","3016.240966796875","","","","","",""
"1170000","683","683","683","3209.00390625","3209.00390625","3209.00390625","","","","","",""
"1175000","685","685","685","3627.410888671875","3627.410888671875","3627.410888671875","","","","","",""
"1180000","688","688","688","3646.418212890625","3646.418212890625","3646.418212890625","","","","","",""
"1185000","691","691","691","3604.70361328125","3604.70361328125","3604.70361328125","","","","","",""
"1190000","694","694","694","3619.999755859375","3619.999755859375","3619.999755859375","","","","","",""
"1195000","697","697","697","1121.5899658203125","1121.5899658203125","1121.5899658203125","","","","","",""
"1200000","700","700","700","3628.357177734375","3628.357177734375","3628.357177734375","","","","","",""
"1205000","703","703","703","3647.827392578125","3647.827392578125","3647.827392578125","","","","","",""
"1210000","706","706","706","3672.6103515625","3672.6103515625","3672.6103515625","","","","","",""
"1215000","709","709","709","3676.091064453125","3676.091064453125","3676.091064453125","","","","","",""
"1220000","712","712","712","3622.44580078125","3622.44580078125","3622.44580078125","","","","","",""
"1225000","715","715","715","3651.707763671875","3651.707763671875","3651.707763671875","","","","","",""
"1230000","718","718","718","3636.760986328125","3636.760986328125","3636.760986328125","","","","","",""
"1235000","721","721","721","3659.656005859375","3659.656005859375","3659.656005859375","","","","","",""
"1240000","724","724","724","3648.74169921875","3648.74169921875","3648.74169921875","","","","","",""
"1245000","727","727","727","3686.256103515625","3686.256103515625","3686.256103515625","","","","","",""
"1250000","730","730","730","1866.4141845703125","1866.4141845703125","1866.4141845703125","","","","","",""
"1255000","733","733","733","3658.37841796875","3658.37841796875","3658.37841796875","","","","","",""
"1260000","736","736","736","2066.8564453125","2066.8564453125","2066.8564453125","","","","","",""
"1265000","739","739","739","3655.149658203125","3655.149658203125","3655.149658203125","","","","","",""
"1270000","742","742","742","2289.575439453125","2289.575439453125","2289.575439453125","","","","","",""
"1275000","745","745","745","3622.5859375","3622.5859375","3622.5859375","","","","","",""
"1280000","747","747","747","3664.453857421875","3664.453857421875","3664.453857421875","","","","","",""
"1285000","749","749","749","3666.273193359375","3666.273193359375","3666.273193359375","","","","","",""
"1290000","752","752","752","2884.0107421875","2884.0107421875","2884.0107421875","","","","","",""
"1295000","755","755","755","3692.404052734375","3692.404052734375","3692.404052734375","","","","","",""
"1300000","758","758","758","3616.169677734375","3616.169677734375","3616.169677734375","","","","","",""
"1305000","761","761","761","3662.439453125","3662.439453125","3662.439453125","","","","","",""
"1310000","764","764","764","3630.68310546875","3630.68310546875","3630.68310546875","","","","","",""
"1315000","767","767","767","3474.675537109375","3474.675537109375","3474.675537109375","","","","","",""
"1320000","770","770","770","3652.459228515625","3652.459228515625","3652.459228515625","","","","","",""
"1325000","773","773","773","3663.1923828125","3663.1923828125","3663.1923828125","","","","","",""
"1330000","776","776","776","1369.5550537109375","1369.5550537109375","1369.5550537109375","","","","","",""
"1335000","779","779","779","3617.526123046875","3617.526123046875","3617.526123046875","","","","","",""
"1340000","782","782","782","3625.21630859375","3625.21630859375","3625.21630859375","","","","","",""
"1345000","785","785","785","3105.60107421875","3105.60107421875","3105.60107421875","","","","","",""
"1350000","789","789","789","1869.887451171875","1869.887451171875","1869.887451171875","","","","","",""