"global_step","AIRL-_sa-v0_SN - _step","AIRL-_sa-v0_SN - _step__MIN","AIRL-_sa-v0_SN - _step__MAX","AIRL-_sa-v0_SN - return/test/ep_rew_mean","AIRL-_sa-v0_SN - return/test/ep_rew_mean__MIN","AIRL-_sa-v0_SN - return/test/ep_rew_mean__MAX","AIRL-_sa-v0_abs_SN - _step","AIRL-_sa-v0_abs_SN - _step__MIN","AIRL-_sa-v0_abs_SN - _step__MAX","AIRL-_sa-v0_abs_SN - return/test/ep_rew_mean","AIRL-_sa-v0_abs_SN - return/test/ep_rew_mean__MIN","AIRL-_sa-v0_abs_SN - return/test/ep_rew_mean__MAX","AIRL_sa-v0 - _step","AIRL_sa-v0 - _step__MIN","AIRL_sa-v0 - _step__MAX","AIRL_sa-v0 - return/test/ep_rew_mean","AIRL_sa-v0 - return/test/ep_rew_mean__MIN","AIRL_sa-v0 - return/test/ep_rew_mean__MAX"
"10000","0","0","0","-1.1429356336593628","-1.1429356336593628","-1.1429356336593628","0","0","0","-2.1826367378234863","-2.1826367378234863","-2.1826367378234863","0","0","0","-1.1613529920578003","-1.1613529920578003","-1.1613529920578003"
"15000","3","3","3","-279.0992736816406","-279.0992736816406","-279.0992736816406","3","3","3","9.297786712646484","9.297786712646484","9.297786712646484","3","3","3","1532.9833984375","1532.9833984375","1532.9833984375"
"20000","6","6","6","368.64605712890625","368.64605712890625","368.64605712890625","6","6","6","250.8289794921875","250.8289794921875","250.8289794921875","6","6","6","225.77914428710938","225.77914428710938","225.77914428710938"
"25000","9","9","9","-177.3246612548828","-177.3246612548828","-177.3246612548828","9","9","9","-13.239327430725098","-13.239327430725098","-13.239327430725098","9","9","9","197.63748168945312","197.63748168945312","197.63748168945312"
"30000","12","12","12","-131.512451171875","-131.512451171875","-131.512451171875","12","12","12","-561.8948364257812","-561.8948364257812","-561.8948364257812","12","12","12","343.6166687011719","343.6166687011719","343.6166687011719"
"35000","15","15","15","-528.5183715820312","-528.5183715820312","-528.5183715820312","15","15","15","-485.16961669921875","-485.16961669921875","-485.16961669921875","15","15","15","-4.812600612640381","-4.812600612640381","-4.812600612640381"
"40000","18","18","18","-119.48983764648438","-119.48983764648438","-119.48983764648438","18","18","18","121.17826080322266","121.17826080322266","121.17826080322266","18","18","18","-41.4343376159668","-41.4343376159668","-41.4343376159668"
"45000","21","21","21","-242.8958282470703","-242.8958282470703","-242.8958282470703","21","21","21","-264.22882080078125","-264.22882080078125","-264.22882080078125","21","21","21","43.097564697265625","43.097564697265625","43.097564697265625"
"50000","24","24","24","-397.4952697753906","-397.4952697753906","-397.4952697753906","24","24","24","-188.1853790283203","-188.1853790283203","-188.1853790283203","24","24","24","567.343017578125","567.343017578125","567.343017578125"
"55000","27","27","27","-140.54794311523438","-140.54794311523438","-140.54794311523438","27","27","27","-233.9827880859375","-233.9827880859375","-233.9827880859375","27","27","27","208.2397918701172","208.2397918701172","208.2397918701172"
"60000","30","30","30","-572.5735473632812","-572.5735473632812","-572.5735473632812","30","30","30","-311.0684509277344","-311.0684509277344","-311.0684509277344","30","30","30","794.8756103515625","794.8756103515625","794.8756103515625"
"65000","33","33","33","-63.69150924682617","-63.69150924682617","-63.69150924682617","33","33","33","-381.44195556640625","-381.44195556640625","-381.44195556640625","33","33","33","1107.5830078125","1107.5830078125","1107.5830078125"
"70000","36","36","36","-108.55335235595703","-108.55335235595703","-108.55335235595703","36","36","36","-112.25613403320312","-112.25613403320312","-112.25613403320312","36","36","36","921.061279296875","921.061279296875","921.061279296875"
"75000","39","39","39","-80.96752166748047","-80.96752166748047","-80.96752166748047","39","39","39","-54.63795852661133","-54.63795852661133","-54.63795852661133","39","39","39","712.4724731445312","712.4724731445312","712.4724731445312"
"80000","42","42","42","-227.8121795654297","-227.8121795654297","-227.8121795654297","42","42","42","-92.2851791381836","-92.2851791381836","-92.2851791381836","42","42","42","762.3338012695312","762.3338012695312","762.3338012695312"
"85000","45","45","45","6.970392227172852","6.970392227172852","6.970392227172852","45","45","45","19.07869529724121","19.07869529724121","19.07869529724121","45","45","45","1046.0030517578125","1046.0030517578125","1046.0030517578125"
"90000","48","48","48","44.1122932434082","44.1122932434082","44.1122932434082","48","48","48","-125.582763671875","-125.582763671875","-125.582763671875","48","48","48","1400.2197265625","1400.2197265625","1400.2197265625"
"95000","51","51","51","-211.86570739746094","-211.86570739746094","-211.86570739746094","51","51","51","-202.4029998779297","-202.4029998779297","-202.4029998779297","51","51","51","1105.678955078125","1105.678955078125","1105.678955078125"
"100000","54","54","54","-158.37083435058594","-158.37083435058594","-158.37083435058594","54","54","54","-306.5607604980469","-306.5607604980469","-306.5607604980469","54","54","54","468.1828918457031","468.1828918457031","468.1828918457031"
"105000","57","57","57","-127.9920425415039","-127.9920425415039","-127.9920425415039","57","57","57","88.32827758789062","88.32827758789062","88.32827758789062","57","57","57","1074.410400390625","1074.410400390625","1074.410400390625"
"110000","59","59","59","-21.33109474182129","-21.33109474182129","-21.33109474182129","59","59","59","-192.46107482910156","-192.46107482910156","-192.46107482910156","59","59","59","1762.6318359375","1762.6318359375","1762.6318359375"
"115000","62","62","62","9.590317726135254","9.590317726135254","9.590317726135254","62","62","62","-235.7050018310547","-235.7050018310547","-235.7050018310547","62","62","62","1655.4437255859375","1655.4437255859375","1655.4437255859375"
"120000","65","65","65","17.398418426513672","17.398418426513672","17.398418426513672","65","65","65","-172.51919555664062","-172.51919555664062","-172.51919555664062","65","65","65","1579.25","1579.25","1579.25"
"125000","68","68","68","-12.860526084899902","-12.860526084899902","-12.860526084899902","68","68","68","-232.1443328857422","-232.1443328857422","-232.1443328857422","68","68","68","-269.527099609375","-269.527099609375","-269.527099609375"
"130000","71","71","71","-117.86119079589844","-117.86119079589844","-117.86119079589844","71","71","71","-14.256311416625977","-14.256311416625977","-14.256311416625977","71","71","71","-46.459835052490234","-46.459835052490234","-46.459835052490234"
"135000","74","74","74","-215.589111328125","-215.589111328125","-215.589111328125","74","74","74","-169.98228454589844","-169.98228454589844","-169.98228454589844","74","74","74","-157.5422821044922","-157.5422821044922","-157.5422821044922"
"140000","77","77","77","-106.66384887695312","-106.66384887695312","-106.66384887695312","77","77","77","-117.10437774658203","-117.10437774658203","-117.10437774658203","77","77","77","-167.26295471191406","-167.26295471191406","-167.26295471191406"
"145000","80","80","80","-40.86625671386719","-40.86625671386719","-40.86625671386719","80","80","80","-158.2777862548828","-158.2777862548828","-158.2777862548828","80","80","80","1985.18408203125","1985.18408203125","1985.18408203125"
"150000","83","83","83","-204.4064483642578","-204.4064483642578","-204.4064483642578","83","83","83","-314.6728515625","-314.6728515625","-314.6728515625","83","83","83","188.28329467773438","188.28329467773438","188.28329467773438"
"155000","86","86","86","-113.06017303466797","-113.06017303466797","-113.06017303466797","86","86","86","-180.6543731689453","-180.6543731689453","-180.6543731689453","86","86","86","-301.25927734375","-301.25927734375","-301.25927734375"
"160000","89","89","89","68.76713562011719","68.76713562011719","68.76713562011719","89","89","89","161.64178466796875","161.64178466796875","161.64178466796875","89","89","89","1351.1456298828125","1351.1456298828125","1351.1456298828125"
"165000","92","92","92","-68.20243835449219","-68.20243835449219","-68.20243835449219","92","92","92","230.9891357421875","230.9891357421875","230.9891357421875","92","92","92","1566.4029541015625","1566.4029541015625","1566.4029541015625"
"170000","95","95","95","-13.727789878845215","-13.727789878845215","-13.727789878845215","95","95","95","-144.11676025390625","-144.11676025390625","-144.11676025390625","95","95","95","1658.9935302734375","1658.9935302734375","1658.9935302734375"
"175000","98","98","98","11.552538871765137","11.552538871765137","11.552538871765137","98","98","98","-140.44752502441406","-140.44752502441406","-140.44752502441406","98","98","98","256.6614990234375","256.6614990234375","256.6614990234375"
"180000","101","101","101","-74.79290771484375","-74.79290771484375","-74.79290771484375","101","101","101","-149.70303344726562","-149.70303344726562","-149.70303344726562","101","101","101","-286.3627624511719","-286.3627624511719","-286.3627624511719"
"185000","104","104","104","185.11129760742188","185.11129760742188","185.11129760742188","104","104","104","284.5936279296875","284.5936279296875","284.5936279296875","104","104","104","-357.387451171875","-357.387451171875","-357.387451171875"
"190000","107","107","107","-21.186119079589844","-21.186119079589844","-21.186119079589844","107","107","107","-147.3784637451172","-147.3784637451172","-147.3784637451172","107","107","107","-355.2424011230469","-355.2424011230469","-355.2424011230469"
"195000","110","110","110","87.91012573242188","87.91012573242188","87.91012573242188","110","110","110","79.5289535522461","79.5289535522461","79.5289535522461","110","110","110","-337.12384033203125","-337.12384033203125","-337.12384033203125"
"200000","113","113","113","-43.22722244262695","-43.22722244262695","-43.22722244262695","113","113","113","22.090255737304688","22.090255737304688","22.090255737304688","113","113","113","770.9027709960938","770.9027709960938","770.9027709960938"
"205000","116","116","116","54.824371337890625","54.824371337890625","54.824371337890625","116","116","116","-38.771263122558594","-38.771263122558594","-38.771263122558594","116","116","116","1177.751953125","1177.751953125","1177.751953125"
"210000","119","119","119","83.82965087890625","83.82965087890625","83.82965087890625","119","119","119","-72.24523162841797","-72.24523162841797","-72.24523162841797","119","119","119","2471.71337890625","2471.71337890625","2471.71337890625"
"215000","121","121","121","134.2455291748047","134.2455291748047","134.2455291748047","121","121","121","281.8997802734375","281.8997802734375","281.8997802734375","121","121","121","2628.615234375","2628.615234375","2628.615234375"
"220000","124","124","124","13.820024490356445","13.820024490356445","13.820024490356445","124","124","124","154.07725524902344","154.07725524902344","154.07725524902344","124","124","124","2555.61181640625","2555.61181640625","2555.61181640625"
"225000","127","127","127","277.6902160644531","277.6902160644531","277.6902160644531","127","127","127","93.65472412109375","93.65472412109375","93.65472412109375","127","127","127","2719.101806640625","2719.101806640625","2719.101806640625"
"230000","130","130","130","-92.15886688232422","-92.15886688232422","-92.15886688232422","130","130","130","-19.978837966918945","-19.978837966918945","-19.978837966918945","130","130","130","2822.84619140625","2822.84619140625","2822.84619140625"
"235000","133","133","133","193.87391662597656","193.87391662597656","193.87391662597656","133","133","133","198.4408721923828","198.4408721923828","198.4408721923828","133","133","133","2733.44189453125","2733.44189453125","2733.44189453125"
"240000","136","136","136","94.56111145019531","94.56111145019531","94.56111145019531","136","136","136","194.79844665527344","194.79844665527344","194.79844665527344","136","136","136","3118.313720703125","3118.313720703125","3118.313720703125"
"245000","139","139","139","445.6419372558594","445.6419372558594","445.6419372558594","139","139","139","104.42412567138672","104.42412567138672","104.42412567138672","139","139","139","2735.740478515625","2735.740478515625","2735.740478515625"
"250000","142","142","142","-30.555686950683594","-30.555686950683594","-30.555686950683594","142","142","142","-31.476428985595703","-31.476428985595703","-31.476428985595703","142","142","142","2119.224853515625","2119.224853515625","2119.224853515625"
"255000","145","145","145","-189.7559814453125","-189.7559814453125","-189.7559814453125","145","145","145","233.93954467773438","233.93954467773438","233.93954467773438","145","145","145","2379.312255859375","2379.312255859375","2379.312255859375"
"260000","148","148","148","171.65284729003906","171.65284729003906","171.65284729003906","148","148","148","90.93490600585938","90.93490600585938","90.93490600585938","148","148","148","2436.726806640625","2436.726806640625","2436.726806640625"
"265000","151","151","151","131.3428192138672","131.3428192138672","131.3428192138672","151","151","151","189.18899536132812","189.18899536132812","189.18899536132812","151","151","151","2812.327392578125","2812.327392578125","2812.327392578125"
"270000","154","154","154","141.26072692871094","141.26072692871094","141.26072692871094","154","154","154","63.82321548461914","63.82321548461914","63.82321548461914","154","154","154","3146.1328125","3146.1328125","3146.1328125"
"275000","157","157","157","-8.830025672912598","-8.830025672912598","-8.830025672912598","157","157","157","27.77835464477539","27.77835464477539","27.77835464477539","157","157","157","2539.340087890625","2539.340087890625","2539.340087890625"
"280000","160","160","160","97.94367218017578","97.94367218017578","97.94367218017578","160","160","160","376.6297302246094","376.6297302246094","376.6297302246094","160","160","160","3189.17529296875","3189.17529296875","3189.17529296875"
"285000","163","163","163","23.275068283081055","23.275068283081055","23.275068283081055","163","163","163","364.34820556640625","364.34820556640625","364.34820556640625","163","163","163","3264.273681640625","3264.273681640625","3264.273681640625"
"290000","166","166","166","149.22134399414062","149.22134399414062","149.22134399414062","166","166","166","-44.4780158996582","-44.4780158996582","-44.4780158996582","166","166","166","2441.6630859375","2441.6630859375","2441.6630859375"
"295000","169","169","169","-37.04838562011719","-37.04838562011719","-37.04838562011719","169","169","169","-32.79714584350586","-32.79714584350586","-32.79714584350586","169","169","169","3367.53271484375","3367.53271484375","3367.53271484375"
"300000","172","172","172","9.401752471923828","9.401752471923828","9.401752471923828","172","172","172","254.7710418701172","254.7710418701172","254.7710418701172","172","172","172","2798.302490234375","2798.302490234375","2798.302490234375"
"305000","175","175","175","341.89080810546875","341.89080810546875","341.89080810546875","175","175","175","335.2362365722656","335.2362365722656","335.2362365722656","175","175","175","3493.4091796875","3493.4091796875","3493.4091796875"
"310000","178","178","178","482.27825927734375","482.27825927734375","482.27825927734375","178","178","178","303.2567138671875","303.2567138671875","303.2567138671875","178","178","178","4178.779296875","4178.779296875","4178.779296875"
"315000","181","181","181","336.907958984375","336.907958984375","336.907958984375","181","181","181","261.0252685546875","261.0252685546875","261.0252685546875","181","181","181","3172.812744140625","3172.812744140625","3172.812744140625"
"320000","183","183","183","674.2739868164062","674.2739868164062","674.2739868164062","183","183","183","403.0550842285156","403.0550842285156","403.0550842285156","183","183","183","3150.892822265625","3150.892822265625","3150.892822265625"
"325000","185","185","185","445.601806640625","445.601806640625","445.601806640625","185","185","185","568.8478393554688","568.8478393554688","568.8478393554688","185","185","185","4120.65966796875","4120.65966796875","4120.65966796875"
"330000","188","188","188","690.7166748046875","690.7166748046875","690.7166748046875","188","188","188","345.0157470703125","345.0157470703125","345.0157470703125","188","188","188","4109.35546875","4109.35546875","4109.35546875"
"335000","191","191","191","532.1763305664062","532.1763305664062","532.1763305664062","191","191","191","640.8946533203125","640.8946533203125","640.8946533203125","191","191","191","3822.242431640625","3822.242431640625","3822.242431640625"
"340000","194","194","194","261.5714416503906","261.5714416503906","261.5714416503906","194","194","194","717.2552490234375","717.2552490234375","717.2552490234375","194","194","194","4010.592041015625","4010.592041015625","4010.592041015625"
"345000","197","197","197","929.825439453125","929.825439453125","929.825439453125","197","197","197","823.0634765625","823.0634765625","823.0634765625","197","197","197","4271.6484375","4271.6484375","4271.6484375"
"350000","200","200","200","776.240966796875","776.240966796875","776.240966796875","200","200","200","606.3974609375","606.3974609375","606.3974609375","200","200","200","4019.317626953125","4019.317626953125","4019.317626953125"
"355000","203","203","203","973.0209350585938","973.0209350585938","973.0209350585938","203","203","203","671.1757202148438","671.1757202148438","671.1757202148438","203","203","203","4143.82373046875","4143.82373046875","4143.82373046875"
"360000","206","206","206","1053.969482421875","1053.969482421875","1053.969482421875","206","206","206","787.2595825195312","787.2595825195312","787.2595825195312","206","206","206","4320.30810546875","4320.30810546875","4320.30810546875"
"365000","209","209","209","1141.93017578125","1141.93017578125","1141.93017578125","209","209","209","701.6702270507812","701.6702270507812","701.6702270507812","209","209","209","3666.29931640625","3666.29931640625","3666.29931640625"
"370000","212","212","212","1073.3302001953125","1073.3302001953125","1073.3302001953125","212","212","212","1305.5372314453125","1305.5372314453125","1305.5372314453125","212","212","212","4191.48095703125","4191.48095703125","4191.48095703125"
"375000","215","215","215","1187.0301513671875","1187.0301513671875","1187.0301513671875","215","215","215","750.8359375","750.8359375","750.8359375","215","215","215","4618.18212890625","4618.18212890625","4618.18212890625"
"380000","218","218","218","1057.9312744140625","1057.9312744140625","1057.9312744140625","218","218","218","802.4119873046875","802.4119873046875","802.4119873046875","218","218","218","4664.12841796875","4664.12841796875","4664.12841796875"
"385000","221","221","221","797.5068359375","797.5068359375","797.5068359375","221","221","221","1236.854248046875","1236.854248046875","1236.854248046875","221","221","221","4741.0751953125","4741.0751953125","4741.0751953125"
"390000","224","224","224","-378.8526916503906","-378.8526916503906","-378.8526916503906","224","224","224","1031.6685791015625","1031.6685791015625","1031.6685791015625","224","224","224","4936.0703125","4936.0703125","4936.0703125"
"395000","227","227","227","-163.48617553710938","-163.48617553710938","-163.48617553710938","227","227","227","998.876220703125","998.876220703125","998.876220703125","227","227","227","4779.1171875","4779.1171875","4779.1171875"
"400000","230","230","230","305.81298828125","305.81298828125","305.81298828125","230","230","230","1262.032470703125","1262.032470703125","1262.032470703125","230","230","230","4789.0146484375","4789.0146484375","4789.0146484375"
"405000","233","233","233","723.3580322265625","723.3580322265625","723.3580322265625","233","233","233","1487.455078125","1487.455078125","1487.455078125","233","233","233","4867.61328125","4867.61328125","4867.61328125"
"410000","236","236","236","2130.67236328125","2130.67236328125","2130.67236328125","236","236","236","1386.464111328125","1386.464111328125","1386.464111328125","236","236","236","4958.021484375","4958.021484375","4958.021484375"
"415000","239","239","239","1832.428466796875","1832.428466796875","1832.428466796875","239","239","239","1291.4412841796875","1291.4412841796875","1291.4412841796875","239","239","239","5170.04443359375","5170.04443359375","5170.04443359375"
"420000","242","242","242","1237.490234375","1237.490234375","1237.490234375","242","242","242","1203.51025390625","1203.51025390625","1203.51025390625","242","242","242","2698.42236328125","2698.42236328125","2698.42236328125"
"425000","245","245","245","62.09611129760742","62.09611129760742","62.09611129760742","245","245","245","1350.3892822265625","1350.3892822265625","1350.3892822265625","245","245","245","-290.1374206542969","-290.1374206542969","-290.1374206542969"
"430000","247","247","247","133.1138153076172","133.1138153076172","133.1138153076172","247","247","247","1630.861572265625","1630.861572265625","1630.861572265625","247","247","247","5116.99169921875","5116.99169921875","5116.99169921875"
"435000","250","250","250","1196.954345703125","1196.954345703125","1196.954345703125","250","250","250","1382.203857421875","1382.203857421875","1382.203857421875","250","250","250","4270.07177734375","4270.07177734375","4270.07177734375"
"440000","253","253","253","1383.6204833984375","1383.6204833984375","1383.6204833984375","253","253","253","1397.9761962890625","1397.9761962890625","1397.9761962890625","253","253","253","4133.9892578125","4133.9892578125","4133.9892578125"
"445000","256","256","256","1248.2957763671875","1248.2957763671875","1248.2957763671875","256","256","256","1573.052978515625","1573.052978515625","1573.052978515625","256","256","256","5012.06005859375","5012.06005859375","5012.06005859375"
"450000","259","259","259","154.37213134765625","154.37213134765625","154.37213134765625","259","259","259","1693.134765625","1693.134765625","1693.134765625","259","259","259","5523.8994140625","5523.8994140625","5523.8994140625"
"455000","262","262","262","460.8757019042969","460.8757019042969","460.8757019042969","262","262","262","1456.0040283203125","1456.0040283203125","1456.0040283203125","262","262","262","4724.302734375","4724.302734375","4724.302734375"
"460000","265","265","265","167.15757751464844","167.15757751464844","167.15757751464844","265","265","265","1504.7303466796875","1504.7303466796875","1504.7303466796875","265","265","265","5527.677734375","5527.677734375","5527.677734375"
"465000","268","268","268","1345.788330078125","1345.788330078125","1345.788330078125","268","268","268","1080.18603515625","1080.18603515625","1080.18603515625","268","268","268","5743.24560546875","5743.24560546875","5743.24560546875"
"470000","271","271","271","946.1013793945312","946.1013793945312","946.1013793945312","271","271","271","1243.4906005859375","1243.4906005859375","1243.4906005859375","271","271","271","5504.7763671875","5504.7763671875","5504.7763671875"
"475000","274","274","274","582.7667846679688","582.7667846679688","582.7667846679688","274","274","274","1228.001220703125","1228.001220703125","1228.001220703125","274","274","274","5281.22021484375","5281.22021484375","5281.22021484375"
"480000","277","277","277","526.440673828125","526.440673828125","526.440673828125","277","277","277","1379.3349609375","1379.3349609375","1379.3349609375","277","277","277","4963.3486328125","4963.3486328125","4963.3486328125"
"485000","280","280","280","1442.2049560546875","1442.2049560546875","1442.2049560546875","280","280","280","1722.009765625","1722.009765625","1722.009765625","280","280","280","5407.0341796875","5407.0341796875","5407.0341796875"
"490000","283","283","283","1488.378173828125","1488.378173828125","1488.378173828125","283","283","283","1697.614501953125","1697.614501953125","1697.614501953125","283","283","283","5513.822265625","5513.822265625","5513.822265625"
"495000","286","286","286","1450.0704345703125","1450.0704345703125","1450.0704345703125","286","286","286","1603.3486328125","1603.3486328125","1603.3486328125","286","286","286","5688.6826171875","5688.6826171875","5688.6826171875"
"500000","289","289","289","1687.9951171875","1687.9951171875","1687.9951171875","289","289","289","1556.21826171875","1556.21826171875","1556.21826171875","289","289","289","5820.98095703125","5820.98095703125","5820.98095703125"
"505000","292","292","292","1515.6407470703125","1515.6407470703125","1515.6407470703125","292","292","292","1287.6097412109375","1287.6097412109375","1287.6097412109375","292","292","292","6057.1259765625","6057.1259765625","6057.1259765625"
"510000","295","295","295","1418.5208740234375","1418.5208740234375","1418.5208740234375","295","295","295","1035.2423095703125","1035.2423095703125","1035.2423095703125","295","295","295","5817.23291015625","5817.23291015625","5817.23291015625"
"515000","298","298","298","1698.399658203125","1698.399658203125","1698.399658203125","298","298","298","1271.5062255859375","1271.5062255859375","1271.5062255859375","298","298","298","5769.498046875","5769.498046875","5769.498046875"
"520000","301","301","301","1779.5087890625","1779.5087890625","1779.5087890625","301","301","301","1417.4010009765625","1417.4010009765625","1417.4010009765625","301","301","301","5879.45068359375","5879.45068359375","5879.45068359375"
"525000","304","304","304","1633.0855712890625","1633.0855712890625","1633.0855712890625","304","304","304","1523.642578125","1523.642578125","1523.642578125","304","304","304","6087.830078125","6087.830078125","6087.830078125"
"530000","307","307","307","1653.2158203125","1653.2158203125","1653.2158203125","307","307","307","1636.750244140625","1636.750244140625","1636.750244140625","307","307","307","6224.77294921875","6224.77294921875","6224.77294921875"
"535000","309","309","309","1222.129150390625","1222.129150390625","1222.129150390625","309","309","309","1917.58544921875","1917.58544921875","1917.58544921875","309","309","309","6062.33349609375","6062.33349609375","6062.33349609375"
"540000","312","312","312","1220.8363037109375","1220.8363037109375","1220.8363037109375","312","312","312","1531.893798828125","1531.893798828125","1531.893798828125","312","312","312","5778.4462890625","5778.4462890625","5778.4462890625"
"545000","315","315","315","1644.31103515625","1644.31103515625","1644.31103515625","315","315","315","1553.0504150390625","1553.0504150390625","1553.0504150390625","315","315","315","6125.1396484375","6125.1396484375","6125.1396484375"
"550000","318","318","318","1748.9638671875","1748.9638671875","1748.9638671875","318","318","318","1415.7847900390625","1415.7847900390625","1415.7847900390625","318","318","318","5880.29931640625","5880.29931640625","5880.29931640625"
"555000","321","321","321","1774.71728515625","1774.71728515625","1774.71728515625","321","321","321","1523.32470703125","1523.32470703125","1523.32470703125","321","321","321","5840.2470703125","5840.2470703125","5840.2470703125"
"560000","324","324","324","1194.6619873046875","1194.6619873046875","1194.6619873046875","324","324","324","1696.7733154296875","1696.7733154296875","1696.7733154296875","324","324","324","6199.74658203125","6199.74658203125","6199.74658203125"
"565000","327","327","327","1714.233154296875","1714.233154296875","1714.233154296875","327","327","327","1994.6578369140625","1994.6578369140625","1994.6578369140625","327","327","327","6330.99072265625","6330.99072265625","6330.99072265625"
"570000","330","330","330","960.2379150390625","960.2379150390625","960.2379150390625","330","330","330","1777.206787109375","1777.206787109375","1777.206787109375","330","330","330","6182.5712890625","6182.5712890625","6182.5712890625"
"575000","333","333","333","1512.99560546875","1512.99560546875","1512.99560546875","333","333","333","1878.4217529296875","1878.4217529296875","1878.4217529296875","333","333","333","6138.16845703125","6138.16845703125","6138.16845703125"
"580000","336","336","336","284.43182373046875","284.43182373046875","284.43182373046875","336","336","336","2167.82177734375","2167.82177734375","2167.82177734375","336","336","336","6405.41162109375","6405.41162109375","6405.41162109375"
"585000","339","339","339","1013.3609619140625","1013.3609619140625","1013.3609619140625","339","339","339","2022.490966796875","2022.490966796875","2022.490966796875","339","339","339","5777.52880859375","5777.52880859375","5777.52880859375"
"590000","342","342","342","1700.89501953125","1700.89501953125","1700.89501953125","342","342","342","2228.572021484375","2228.572021484375","2228.572021484375","342","342","342","6631.5595703125","6631.5595703125","6631.5595703125"
"595000","345","345","345","1189.93115234375","1189.93115234375","1189.93115234375","345","345","345","2421.67822265625","2421.67822265625","2421.67822265625","345","345","345","6396.05029296875","6396.05029296875","6396.05029296875"
"600000","348","348","348","665.238525390625","665.238525390625","665.238525390625","348","348","348","2316.018310546875","2316.018310546875","2316.018310546875","348","348","348","6109.80029296875","6109.80029296875","6109.80029296875"
"605000","351","351","351","1247.06396484375","1247.06396484375","1247.06396484375","351","351","351","1809.69189453125","1809.69189453125","1809.69189453125","351","351","351","6315.10546875","6315.10546875","6315.10546875"
"610000","354","354","354","280.12615966796875","280.12615966796875","280.12615966796875","354","354","354","1899.8306884765625","1899.8306884765625","1899.8306884765625","354","354","354","6564.61669921875","6564.61669921875","6564.61669921875"
"615000","357","357","357","1441.674072265625","1441.674072265625","1441.674072265625","357","357","357","1914.327880859375","1914.327880859375","1914.327880859375","357","357","357","6556.5673828125","6556.5673828125","6556.5673828125"
"620000","360","360","360","357.52215576171875","357.52215576171875","357.52215576171875","360","360","360","2169.650390625","2169.650390625","2169.650390625","360","360","360","6405.794921875","6405.794921875","6405.794921875"
"625000","363","363","363","1865.038330078125","1865.038330078125","1865.038330078125","363","363","363","1372.180419921875","1372.180419921875","1372.180419921875","363","363","363","6596.548828125","6596.548828125","6596.548828125"
"630000","366","366","366","404.5499267578125","404.5499267578125","404.5499267578125","366","366","366","1901.7216796875","1901.7216796875","1901.7216796875","366","366","366","6413.70849609375","6413.70849609375","6413.70849609375"
"635000","369","369","369","1377.6324462890625","1377.6324462890625","1377.6324462890625","369","369","369","2228.12548828125","2228.12548828125","2228.12548828125","369","369","369","6377.9111328125","6377.9111328125","6377.9111328125"
"640000","371","371","371","1736.66455078125","1736.66455078125","1736.66455078125","371","371","371","2443.10791015625","2443.10791015625","2443.10791015625","371","371","371","6603.1533203125","6603.1533203125","6603.1533203125"
"645000","373","373","373","1174.5101318359375","1174.5101318359375","1174.5101318359375","373","373","373","2577.204833984375","2577.204833984375","2577.204833984375","373","373","373","6748.6123046875","6748.6123046875","6748.6123046875"
"650000","376","376","376","1339.6590576171875","1339.6590576171875","1339.6590576171875","376","376","376","2168.62060546875","2168.62060546875","2168.62060546875","376","376","376","6882.41796875","6882.41796875","6882.41796875"
"655000","379","379","379","1103.1138916015625","1103.1138916015625","1103.1138916015625","379","379","379","2063.91064453125","2063.91064453125","2063.91064453125","379","379","379","6706.34375","6706.34375","6706.34375"
"660000","382","382","382","941.611572265625","941.611572265625","941.611572265625","382","382","382","1788.3775634765625","1788.3775634765625","1788.3775634765625","382","382","382","6973.04638671875","6973.04638671875","6973.04638671875"
"665000","385","385","385","1293.1009521484375","1293.1009521484375","1293.1009521484375","385","385","385","-88.9431381225586","-88.9431381225586","-88.9431381225586","385","385","385","6580.76806640625","6580.76806640625","6580.76806640625"
"670000","388","388","388","1067.9329833984375","1067.9329833984375","1067.9329833984375","388","388","388","2334.86474609375","2334.86474609375","2334.86474609375","388","388","388","6973.0673828125","6973.0673828125","6973.0673828125"
"675000","391","391","391","1731.470458984375","1731.470458984375","1731.470458984375","391","391","391","2293.2109375","2293.2109375","2293.2109375","391","391","391","7021.4150390625","7021.4150390625","7021.4150390625"
"680000","394","394","394","1671.8377685546875","1671.8377685546875","1671.8377685546875","394","394","394","2367.447265625","2367.447265625","2367.447265625","394","394","394","7004.4375","7004.4375","7004.4375"
"685000","397","397","397","1809.7218017578125","1809.7218017578125","1809.7218017578125","397","397","397","1037.5048828125","1037.5048828125","1037.5048828125","397","397","397","6716.9482421875","6716.9482421875","6716.9482421875"
"690000","400","400","400","1510.471923828125","1510.471923828125","1510.471923828125","400","400","400","2305.798828125","2305.798828125","2305.798828125","400","400","400","6488.28271484375","6488.28271484375","6488.28271484375"
"695000","403","403","403","1725.9310302734375","1725.9310302734375","1725.9310302734375","403","403","403","2425.130859375","2425.130859375","2425.130859375","403","403","403","6885.54833984375","6885.54833984375","6885.54833984375"
"700000","406","406","406","2157.54541015625","2157.54541015625","2157.54541015625","406","406","406","1937.6162109375","1937.6162109375","1937.6162109375","406","406","406","6806.935546875","6806.935546875","6806.935546875"
"705000","409","409","409","1880.888671875","1880.888671875","1880.888671875","409","409","409","2037.5146484375","2037.5146484375","2037.5146484375","409","409","409","7007.89599609375","7007.89599609375","7007.89599609375"
"710000","412","412","412","1749.1207275390625","1749.1207275390625","1749.1207275390625","412","412","412","2732.002685546875","2732.002685546875","2732.002685546875","412","412","412","7011.41943359375","7011.41943359375","7011.41943359375"
"715000","415","415","415","1869.076416015625","1869.076416015625","1869.076416015625","415","415","415","2256.830078125","2256.830078125","2256.830078125","415","415","415","6719.80810546875","6719.80810546875","6719.80810546875"
"720000","418","418","418","1792.1141357421875","1792.1141357421875","1792.1141357421875","418","418","418","2851.479736328125","2851.479736328125","2851.479736328125","418","418","418","6955.93212890625","6955.93212890625","6955.93212890625"
"725000","421","421","421","2099.73486328125","2099.73486328125","2099.73486328125","421","421","421","2196.6943359375","2196.6943359375","2196.6943359375","421","421","421","7124.64990234375","7124.64990234375","7124.64990234375"
"730000","424","424","424","2063.610595703125","2063.610595703125","2063.610595703125","424","424","424","1800.6251220703125","1800.6251220703125","1800.6251220703125","424","424","424","7007.67138671875","7007.67138671875","7007.67138671875"
"735000","427","427","427","1726.758056640625","1726.758056640625","1726.758056640625","427","427","427","2105.21240234375","2105.21240234375","2105.21240234375","427","427","427","7179.30078125","7179.30078125","7179.30078125"
"740000","430","430","430","1760.17724609375","1760.17724609375","1760.17724609375","430","430","430","2101.0556640625","2101.0556640625","2101.0556640625","430","430","430","6862.2431640625","6862.2431640625","6862.2431640625"
"745000","433","433","433","1320.8218994140625","1320.8218994140625","1320.8218994140625","433","433","433","1526.7427978515625","1526.7427978515625","1526.7427978515625","433","433","433","6916.71142578125","6916.71142578125","6916.71142578125"
"750000","435","435","435","-154.71530151367188","-154.71530151367188","-154.71530151367188","435","435","435","1317.6998291015625","1317.6998291015625","1317.6998291015625","435","435","435","7098.21533203125","7098.21533203125","7098.21533203125"
"755000","438","438","438","1558.172119140625","1558.172119140625","1558.172119140625","438","438","438","2056.571044921875","2056.571044921875","2056.571044921875","438","438","438","7261.52978515625","7261.52978515625","7261.52978515625"
"760000","441","441","441","2125.266845703125","2125.266845703125","2125.266845703125","441","441","441","2249.864501953125","2249.864501953125","2249.864501953125","441","441","441","7008.8349609375","7008.8349609375","7008.8349609375"
"765000","444","444","444","2058.20654296875","2058.20654296875","2058.20654296875","444","444","444","2204.395751953125","2204.395751953125","2204.395751953125","444","444","444","7117.28759765625","7117.28759765625","7117.28759765625"
"770000","447","447","447","1324.3319091796875","1324.3319091796875","1324.3319091796875","447","447","447","2442.103271484375","2442.103271484375","2442.103271484375","447","447","447","7141.21337890625","7141.21337890625","7141.21337890625"
"775000","450","450","450","1527.9354248046875","1527.9354248046875","1527.9354248046875","450","450","450","1834.3299560546875","1834.3299560546875","1834.3299560546875","450","450","450","7216.97900390625","7216.97900390625","7216.97900390625"
"780000","453","453","453","2024.4556884765625","2024.4556884765625","2024.4556884765625","453","453","453","1184.096923828125","1184.096923828125","1184.096923828125","453","453","453","7673.81982421875","7673.81982421875","7673.81982421875"
"785000","456","456","456","2496.48681640625","2496.48681640625","2496.48681640625","456","456","456","2773.031494140625","2773.031494140625","2773.031494140625","456","456","456","7322.5166015625","7322.5166015625","7322.5166015625"
"790000","459","459","459","2237.251953125","2237.251953125","2237.251953125","459","459","459","2543.387451171875","2543.387451171875","2543.387451171875","459","459","459","7295.10595703125","7295.10595703125","7295.10595703125"
"795000","462","462","462","2009.867431640625","2009.867431640625","2009.867431640625","462","462","462","1589.4423828125","1589.4423828125","1589.4423828125","462","462","462","7161.85986328125","7161.85986328125","7161.85986328125"
"800000","465","465","465","1781.9337158203125","1781.9337158203125","1781.9337158203125","465","465","465","756.5355224609375","756.5355224609375","756.5355224609375","465","465","465","7609.52099609375","7609.52099609375","7609.52099609375"
"805000","468","468","468","2525.861328125","2525.861328125","2525.861328125","468","468","468","2177.19482421875","2177.19482421875","2177.19482421875","468","468","468","7320.80908203125","7320.80908203125","7320.80908203125"
"810000","471","471","471","2322.606689453125","2322.606689453125","2322.606689453125","471","471","471","2422.239501953125","2422.239501953125","2422.239501953125","471","471","471","7538.8837890625","7538.8837890625","7538.8837890625"
"815000","474","474","474","2552.1513671875","2552.1513671875","2552.1513671875","474","474","474","2328.666748046875","2328.666748046875","2328.666748046875","474","474","474","7632.86376953125","7632.86376953125","7632.86376953125"
"820000","477","477","477","2333.82373046875","2333.82373046875","2333.82373046875","477","477","477","2085.669189453125","2085.669189453125","2085.669189453125","477","477","477","7406.232421875","7406.232421875","7406.232421875"
"825000","480","480","480","2451.9072265625","2451.9072265625","2451.9072265625","480","480","480","3020.869140625","3020.869140625","3020.869140625","480","480","480","7775.7734375","7775.7734375","7775.7734375"
"830000","483","483","483","2075.970947265625","2075.970947265625","2075.970947265625","483","483","483","968.4259643554688","968.4259643554688","968.4259643554688","483","483","483","7870.640625","7870.640625","7870.640625"
"835000","486","486","486","2113.697998046875","2113.697998046875","2113.697998046875","486","486","486","57.64006042480469","57.64006042480469","57.64006042480469","486","486","486","7668.77490234375","7668.77490234375","7668.77490234375"
"840000","489","489","489","2577.718017578125","2577.718017578125","2577.718017578125","489","489","489","1894.3350830078125","1894.3350830078125","1894.3350830078125","489","489","489","7836.66357421875","7836.66357421875","7836.66357421875"
"845000","492","492","492","2128.0224609375","2128.0224609375","2128.0224609375","492","492","492","790.5440063476562","790.5440063476562","790.5440063476562","492","492","492","7446.1845703125","7446.1845703125","7446.1845703125"
"850000","495","495","495","1598.191162109375","1598.191162109375","1598.191162109375","495","495","495","-367.3804931640625","-367.3804931640625","-367.3804931640625","495","495","495","7469.33349609375","7469.33349609375","7469.33349609375"
"855000","497","497","497","2219.872314453125","2219.872314453125","2219.872314453125","497","497","497","-276.814208984375","-276.814208984375","-276.814208984375","497","497","497","7610.98388671875","7610.98388671875","7610.98388671875"
"860000","500","500","500","1965.1776123046875","1965.1776123046875","1965.1776123046875","500","500","500","1396.537841796875","1396.537841796875","1396.537841796875","500","500","500","7767.87255859375","7767.87255859375","7767.87255859375"
"865000","503","503","503","1884.7396240234375","1884.7396240234375","1884.7396240234375","503","503","503","3035.796875","3035.796875","3035.796875","503","503","503","7116.7001953125","7116.7001953125","7116.7001953125"
"870000","506","506","506","1186.539306640625","1186.539306640625","1186.539306640625","506","506","506","3374.5888671875","3374.5888671875","3374.5888671875","506","506","506","7726.1884765625","7726.1884765625","7726.1884765625"
"875000","509","509","509","1541.318603515625","1541.318603515625","1541.318603515625","509","509","509","3270.9462890625","3270.9462890625","3270.9462890625","509","509","509","7748.09130859375","7748.09130859375","7748.09130859375"
"880000","512","512","512","1528.6182861328125","1528.6182861328125","1528.6182861328125","512","512","512","2723.25537109375","2723.25537109375","2723.25537109375","512","512","512","7933.958984375","7933.958984375","7933.958984375"
"885000","515","515","515","2051.612060546875","2051.612060546875","2051.612060546875","515","515","515","1043.22265625","1043.22265625","1043.22265625","515","515","515","7992.75439453125","7992.75439453125","7992.75439453125"
"890000","518","518","518","2149.08984375","2149.08984375","2149.08984375","518","518","518","2280.13037109375","2280.13037109375","2280.13037109375","518","518","518","7641.52734375","7641.52734375","7641.52734375"
"895000","521","521","521","1891.5177001953125","1891.5177001953125","1891.5177001953125","521","521","521","2609.99169921875","2609.99169921875","2609.99169921875","521","521","521","7596.603515625","7596.603515625","7596.603515625"
"900000","524","524","524","1944.021728515625","1944.021728515625","1944.021728515625","524","524","524","950.6519165039062","950.6519165039062","950.6519165039062","524","524","524","7694.67431640625","7694.67431640625","7694.67431640625"
"905000","527","527","527","1448.811767578125","1448.811767578125","1448.811767578125","527","527","527","130.4617156982422","130.4617156982422","130.4617156982422","527","527","527","7796.02392578125","7796.02392578125","7796.02392578125"
"910000","530","530","530","2115.77880859375","2115.77880859375","2115.77880859375","530","530","530","-262.2965087890625","-262.2965087890625","-262.2965087890625","530","530","530","7841.89697265625","7841.89697265625","7841.89697265625"
"915000","533","533","533","2219.433349609375","2219.433349609375","2219.433349609375","533","533","533","609.5809326171875","609.5809326171875","609.5809326171875","533","533","533","7912.88623046875","7912.88623046875","7912.88623046875"
"920000","536","536","536","2268.338134765625","2268.338134765625","2268.338134765625","536","536","536","538.319580078125","538.319580078125","538.319580078125","536","536","536","7491.64208984375","7491.64208984375","7491.64208984375"
"925000","539","539","539","2494.38720703125","2494.38720703125","2494.38720703125","539","539","539","2169.167236328125","2169.167236328125","2169.167236328125","539","539","539","7959.00439453125","7959.00439453125","7959.00439453125"
"930000","542","542","542","2885.342041015625","2885.342041015625","2885.342041015625","542","542","542","2863.850341796875","2863.850341796875","2863.850341796875","542","542","542","7714.47021484375","7714.47021484375","7714.47021484375"
"935000","545","545","545","2644.033203125","2644.033203125","2644.033203125","545","545","545","825.2208862304688","825.2208862304688","825.2208862304688","545","545","545","8021.8681640625","8021.8681640625","8021.8681640625"
"940000","548","548","548","2776.982421875","2776.982421875","2776.982421875","548","548","548","72.27503967285156","72.27503967285156","72.27503967285156","548","548","548","8045.072265625","8045.072265625","8045.072265625"
"945000","551","551","551","2642.487060546875","2642.487060546875","2642.487060546875","551","551","551","3372.42431640625","3372.42431640625","3372.42431640625","551","551","551","7960.6923828125","7960.6923828125","7960.6923828125"
"950000","554","554","554","2907.588623046875","2907.588623046875","2907.588623046875","554","554","554","3025.7333984375","3025.7333984375","3025.7333984375","554","554","554","8032.98974609375","8032.98974609375","8032.98974609375"
"955000","557","557","557","3223.05029296875","3223.05029296875","3223.05029296875","557","557","557","2745.25634765625","2745.25634765625","2745.25634765625","557","557","557","8206.2763671875","8206.2763671875","8206.2763671875"
"960000","559","559","559","2798.0166015625","2798.0166015625","2798.0166015625","559","559","559","1195.176025390625","1195.176025390625","1195.176025390625","559","559","559","8267.92578125","8267.92578125","8267.92578125"
"965000","561","561","561","3147.210205078125","3147.210205078125","3147.210205078125","561","561","561","2699.611572265625","2699.611572265625","2699.611572265625","561","561","561","8113.958984375","8113.958984375","8113.958984375"
"970000","564","564","564","2980.6943359375","2980.6943359375","2980.6943359375","564","564","564","2540.41064453125","2540.41064453125","2540.41064453125","564","564","564","8224.978515625","8224.978515625","8224.978515625"
"975000","567","567","567","2866.142822265625","2866.142822265625","2866.142822265625","567","567","567","608.2239990234375","608.2239990234375","608.2239990234375","567","567","567","8382.7509765625","8382.7509765625","8382.7509765625"
"980000","570","570","570","798.3073120117188","798.3073120117188","798.3073120117188","570","570","570","490.1204528808594","490.1204528808594","490.1204528808594","570","570","570","8248.4931640625","8248.4931640625","8248.4931640625"
"985000","573","573","573","3267.73583984375","3267.73583984375","3267.73583984375","573","573","573","1049.0233154296875","1049.0233154296875","1049.0233154296875","573","573","573","8295.1611328125","8295.1611328125","8295.1611328125"
"990000","576","576","576","3217.772705078125","3217.772705078125","3217.772705078125","576","576","576","1229.4085693359375","1229.4085693359375","1229.4085693359375","576","576","576","8261.2021484375","8261.2021484375","8261.2021484375"
"995000","579","579","579","3414.804931640625","3414.804931640625","3414.804931640625","579","579","579","120.69985961914062","120.69985961914062","120.69985961914062","579","579","579","8395.5","8395.5","8395.5"
"1000000","582","582","582","3235.17724609375","3235.17724609375","3235.17724609375","582","582","582","1830.276611328125","1830.276611328125","1830.276611328125","583","583","583","8541.43359375","8541.43359375","8541.43359375"
"1005000","585","585","585","2720.0390625","2720.0390625","2720.0390625","585","585","585","371.8119812011719","371.8119812011719","371.8119812011719","","","","","",""
"1010000","588","588","588","3074.087646484375","3074.087646484375","3074.087646484375","588","588","588","2467.83154296875","2467.83154296875","2467.83154296875","","","","","",""
"1015000","591","591","591","3229.17822265625","3229.17822265625","3229.17822265625","591","591","591","3021.175537109375","3021.175537109375","3021.175537109375","","","","","",""
"1020000","594","594","594","1878.49560546875","1878.49560546875","1878.49560546875","594","594","594","2955.324462890625","2955.324462890625","2955.324462890625","","","","","",""
"1025000","597","597","597","2356.566650390625","2356.566650390625","2356.566650390625","597","597","597","2314.023193359375","2314.023193359375","2314.023193359375","","","","","",""
"1030000","600","600","600","2473.70751953125","2473.70751953125","2473.70751953125","600","600","600","639.2821655273438","639.2821655273438","639.2821655273438","","","","","",""
"1035000","603","603","603","527.492431640625","527.492431640625","527.492431640625","603","603","603","508.7577209472656","508.7577209472656","508.7577209472656","","","","","",""
"1040000","606","606","606","2623.45654296875","2623.45654296875","2623.45654296875","606","606","606","899.6673583984375","899.6673583984375","899.6673583984375","","","","","",""
"1045000","609","609","609","3105.9677734375","3105.9677734375","3105.9677734375","609","609","609","1384.0260009765625","1384.0260009765625","1384.0260009765625","","","","","",""
"1050000","612","612","612","3453.149169921875","3453.149169921875","3453.149169921875","612","612","612","2155.56103515625","2155.56103515625","2155.56103515625","","","","","",""
"1055000","615","615","615","3235.0322265625","3235.0322265625","3235.0322265625","615","615","615","709.0641479492188","709.0641479492188","709.0641479492188","","","","","",""
"1060000","618","618","618","3331.080810546875","3331.080810546875","3331.080810546875","618","618","618","2389.656005859375","2389.656005859375","2389.656005859375","","","","","",""
"1065000","621","621","621","3615.560791015625","3615.560791015625","3615.560791015625","621","621","621","2461.679931640625","2461.679931640625","2461.679931640625","","","","","",""
"1070000","623","623","623","3642.986083984375","3642.986083984375","3642.986083984375","623","623","623","192.93869018554688","192.93869018554688","192.93869018554688","","","","","",""
"1075000","626","626","626","3419.535888671875","3419.535888671875","3419.535888671875","626","626","626","163.161376953125","163.161376953125","163.161376953125","","","","","",""
"1080000","629","629","629","3262.37744140625","3262.37744140625","3262.37744140625","629","629","629","1046.5550537109375","1046.5550537109375","1046.5550537109375","","","","","",""
"1085000","632","632","632","3286.004150390625","3286.004150390625","3286.004150390625","632","632","632","591.5560913085938","591.5560913085938","591.5560913085938","","","","","",""
"1090000","635","635","635","2992.866455078125","2992.866455078125","2992.866455078125","635","635","635","2029.39453125","2029.39453125","2029.39453125","","","","","",""
"1095000","638","638","638","3192.638916015625","3192.638916015625","3192.638916015625","638","638","638","1945.8736572265625","1945.8736572265625","1945.8736572265625","","","","","",""
"1100000","641","641","641","3306.779052734375","3306.779052734375","3306.779052734375","641","641","641","1750.5875244140625","1750.5875244140625","1750.5875244140625","","","","","",""
"1105000","644","644","644","2636.083740234375","2636.083740234375","2636.083740234375","644","644","644","2758.95556640625","2758.95556640625","2758.95556640625","","","","","",""
"1110000","647","647","647","939.351318359375","939.351318359375","939.351318359375","647","647","647","2040.86767578125","2040.86767578125","2040.86767578125","","","","","",""
"1115000","650","650","650","2829.70556640625","2829.70556640625","2829.70556640625","650","650","650","846.308837890625","846.308837890625","846.308837890625","","","","","",""
"1120000","653","653","653","2746.52294921875","2746.52294921875","2746.52294921875","653","653","653","82.2519760131836","82.2519760131836","82.2519760131836","","","","","",""
"1125000","656","656","656","3139.490478515625","3139.490478515625","3139.490478515625","656","656","656","3059.568603515625","3059.568603515625","3059.568603515625","","","","","",""
"1130000","659","659","659","3442.294189453125","3442.294189453125","3442.294189453125","659","659","659","1047.7420654296875","1047.7420654296875","1047.7420654296875","","","","","",""
"1135000","662","662","662","2396.457763671875","2396.457763671875","2396.457763671875","662","662","662","2584.175048828125","2584.175048828125","2584.175048828125","","","","","",""
"1140000","665","665","665","1676.955078125","1676.955078125","1676.955078125","665","665","665","473.2882995605469","473.2882995605469","473.2882995605469","","","","","",""
"1145000","668","668","668","1086.41796875","1086.41796875","1086.41796875","668","668","668","1490.980224609375","1490.980224609375","1490.980224609375","","","","","",""
"1150000","671","671","671","2688.602294921875","2688.602294921875","2688.602294921875","671","671","671","646.3157348632812","646.3157348632812","646.3157348632812","","","","","",""
"1155000","674","674","674","2164.64404296875","2164.64404296875","2164.64404296875","674","674","674","1698.904052734375","1698.904052734375","1698.904052734375","","","","","",""
"1160000","677","677","677","3031.327392578125","3031.327392578125","3031.327392578125","677","677","677","3408.716552734375","3408.716552734375","3408.716552734375","","","","","",""
"1165000","680","680","680","2616.8779296875","2616.8779296875","2616.8779296875","680","680","680","3305.506103515625","3305.506103515625","3305.506103515625","","","","","",""
"1170000","683","683","683","3214.051025390625","3214.051025390625","3214.051025390625","683","683","683","1584.232666015625","1584.232666015625","1584.232666015625","","","","","",""
"1175000","685","685","685","2978.453857421875","2978.453857421875","2978.453857421875","685","685","685","1984.9306640625","1984.9306640625","1984.9306640625","","","","","",""
"1180000","688","688","688","633.2537231445312","633.2537231445312","633.2537231445312","688","688","688","953.347412109375","953.347412109375","953.347412109375","","","","","",""
"1185000","691","691","691","2056.249755859375","2056.249755859375","2056.249755859375","691","691","691","800.5011596679688","800.5011596679688","800.5011596679688","","","","","",""
"1190000","694","694","694","2347.295654296875","2347.295654296875","2347.295654296875","694","694","694","21.733253479003906","21.733253479003906","21.733253479003906","","","","","",""
"1195000","697","697","697","2011.8201904296875","2011.8201904296875","2011.8201904296875","697","697","697","184.07205200195312","184.07205200195312","184.07205200195312","","","","","",""
"1200000","700","700","700","2411.891357421875","2411.891357421875","2411.891357421875","700","700","700","477.29730224609375","477.29730224609375","477.29730224609375","","","","","",""
"1205000","703","703","703","2711.08154296875","2711.08154296875","2711.08154296875","703","703","703","682.1534423828125","682.1534423828125","682.1534423828125","","","","","",""
"1210000","706","706","706","1213.7852783203125","1213.7852783203125","1213.7852783203125","706","706","706","2994.83544921875","2994.83544921875","2994.83544921875","","","","","",""
"1215000","709","709","709","595.1116333007812","595.1116333007812","595.1116333007812","709","709","709","496.17132568359375","496.17132568359375","496.17132568359375","","","","","",""
"1220000","712","712","712","1417.746826171875","1417.746826171875","1417.746826171875","712","712","712","2622.36572265625","2622.36572265625","2622.36572265625","","","","","",""
"1225000","715","715","715","2391.308349609375","2391.308349609375","2391.308349609375","715","715","715","750.2935180664062","750.2935180664062","750.2935180664062","","","","","",""
"1230000","718","718","718","2704.52490234375","2704.52490234375","2704.52490234375","718","718","718","1928.193115234375","1928.193115234375","1928.193115234375","","","","","",""
"1235000","721","721","721","2233.509033203125","2233.509033203125","2233.509033203125","721","721","721","1291.0137939453125","1291.0137939453125","1291.0137939453125","","","","","",""
"1240000","724","724","724","1799.9569091796875","1799.9569091796875","1799.9569091796875","724","724","724","3111.1826171875","3111.1826171875","3111.1826171875","","","","","",""
"1245000","727","727","727","2967.951416015625","2967.951416015625","2967.951416015625","727","727","727","2760.593505859375","2760.593505859375","2760.593505859375","","","","","",""
"1250000","730","730","730","2756.729736328125","2756.729736328125","2756.729736328125","730","730","730","1931.8121337890625","1931.8121337890625","1931.8121337890625","","","","","",""
"1255000","733","733","733","2637.110595703125","2637.110595703125","2637.110595703125","733","733","733","3415.607666015625","3415.607666015625","3415.607666015625","","","","","",""
"1260000","736","736","736","2107.475341796875","2107.475341796875","2107.475341796875","736","736","736","3258.6826171875","3258.6826171875","3258.6826171875","","","","","",""
"1265000","739","739","739","2588.199951171875","2588.199951171875","2588.199951171875","739","739","739","2361.973876953125","2361.973876953125","2361.973876953125","","","","","",""
"1270000","742","742","742","1598.8428955078125","1598.8428955078125","1598.8428955078125","742","742","742","188.65634155273438","188.65634155273438","188.65634155273438","","","","","",""
"1275000","745","745","745","1725.61962890625","1725.61962890625","1725.61962890625","745","745","745","1750.7156982421875","1750.7156982421875","1750.7156982421875","","","","","",""
"1280000","747","747","747","1305.6290283203125","1305.6290283203125","1305.6290283203125","747","747","747","489.1039733886719","489.1039733886719","489.1039733886719","","","","","",""
"1285000","749","749","749","2587.10302734375","2587.10302734375","2587.10302734375","749","749","749","29.238563537597656","29.238563537597656","29.238563537597656","","","","","",""
"1290000","752","752","752","371.080322265625","371.080322265625","371.080322265625","752","752","752","1021.1219482421875","1021.1219482421875","1021.1219482421875","","","","","",""
"1295000","755","755","755","3022.614501953125","3022.614501953125","3022.614501953125","755","755","755","398.6098937988281","398.6098937988281","398.6098937988281","","","","","",""
"1300000","758","758","758","2780.58740234375","2780.58740234375","2780.58740234375","758","758","758","969.4140014648438","969.4140014648438","969.4140014648438","","","","","",""
"1305000","761","761","761","3095.3173828125","3095.3173828125","3095.3173828125","761","761","761","1006.6069946289062","1006.6069946289062","1006.6069946289062","","","","","",""
"1310000","764","764","764","2306.204345703125","2306.204345703125","2306.204345703125","764","764","764","591.84521484375","591.84521484375","591.84521484375","","","","","",""
"1315000","767","767","767","2189.850830078125","2189.850830078125","2189.850830078125","767","767","767","1333.119873046875","1333.119873046875","1333.119873046875","","","","","",""
"1320000","770","770","770","-30.024656295776367","-30.024656295776367","-30.024656295776367","770","770","770","769.4839477539062","769.4839477539062","769.4839477539062","","","","","",""
"1325000","773","773","773","2654.54150390625","2654.54150390625","2654.54150390625","773","773","773","2326.55908203125","2326.55908203125","2326.55908203125","","","","","",""
"1330000","776","776","776","1761.1837158203125","1761.1837158203125","1761.1837158203125","776","776","776","458.54156494140625","458.54156494140625","458.54156494140625","","","","","",""
"1335000","779","779","779","2843.317626953125","2843.317626953125","2843.317626953125","779","779","779","304.0849609375","304.0849609375","304.0849609375","","","","","",""
"1340000","782","782","782","2799.308837890625","2799.308837890625","2799.308837890625","782","782","782","3368.032470703125","3368.032470703125","3368.032470703125","","","","","",""
"1345000","785","785","785","2794.534423828125","2794.534423828125","2794.534423828125","785","785","785","1381.2510986328125","1381.2510986328125","1381.2510986328125","","","","","",""
"1350000","788","788","788","3124.8994140625","3124.8994140625","3124.8994140625","788","788","788","2751.31787109375","2751.31787109375","2751.31787109375","","","","","",""
"1355000","791","791","791","2584.0654296875","2584.0654296875","2584.0654296875","791","791","791","189.95486450195312","189.95486450195312","189.95486450195312","","","","","",""
"1360000","794","794","794","2947.683837890625","2947.683837890625","2947.683837890625","794","794","794","299.8665771484375","299.8665771484375","299.8665771484375","","","","","",""
"1365000","797","797","797","2387.09033203125","2387.09033203125","2387.09033203125","797","797","797","1945.0833740234375","1945.0833740234375","1945.0833740234375","","","","","",""
"1370000","800","800","800","3147.16552734375","3147.16552734375","3147.16552734375","800","800","800","633.0095825195312","633.0095825195312","633.0095825195312","","","","","",""
"1375000","803","803","803","1677.342041015625","1677.342041015625","1677.342041015625","803","803","803","2458.608154296875","2458.608154296875","2458.608154296875","","","","","",""
"1380000","806","806","806","2724.24658203125","2724.24658203125","2724.24658203125","806","806","806","566.5140991210938","566.5140991210938","566.5140991210938","","","","","",""
"1385000","809","809","809","2832.934814453125","2832.934814453125","2832.934814453125","809","809","809","809.1666870117188","809.1666870117188","809.1666870117188","","","","","",""
"1390000","811","811","811","2812.870361328125","2812.870361328125","2812.870361328125","811","811","811","3335.818603515625","3335.818603515625","3335.818603515625","","","","","",""
"1395000","814","814","814","2255.942138671875","2255.942138671875","2255.942138671875","814","814","814","2000.970458984375","2000.970458984375","2000.970458984375","","","","","",""
"1400000","817","817","817","2294.796142578125","2294.796142578125","2294.796142578125","817","817","817","1624.99853515625","1624.99853515625","1624.99853515625","","","","","",""
"1405000","820","820","820","1621.8289794921875","1621.8289794921875","1621.8289794921875","820","820","820","424.1090393066406","424.1090393066406","424.1090393066406","","","","","",""
"1410000","823","823","823","2610.526123046875","2610.526123046875","2610.526123046875","823","823","823","519.6998901367188","519.6998901367188","519.6998901367188","","","","","",""
"1415000","826","826","826","1746.955322265625","1746.955322265625","1746.955322265625","826","826","826","243.4407958984375","243.4407958984375","243.4407958984375","","","","","",""
"1420000","829","829","829","1788.6011962890625","1788.6011962890625","1788.6011962890625","829","829","829","239.76861572265625","239.76861572265625","239.76861572265625","","","","","",""
"1425000","832","832","832","1887.7225341796875","1887.7225341796875","1887.7225341796875","832","832","832","315.9559631347656","315.9559631347656","315.9559631347656","","","","","",""
"1430000","835","835","835","1727.7991943359375","1727.7991943359375","1727.7991943359375","835","835","835","347.2020568847656","347.2020568847656","347.2020568847656","","","","","",""
"1435000","838","838","838","3156.309814453125","3156.309814453125","3156.309814453125","838","838","838","1429.188720703125","1429.188720703125","1429.188720703125","","","","","",""
"1440000","841","841","841","1260.57373046875","1260.57373046875","1260.57373046875","841","841","841","2634.7744140625","2634.7744140625","2634.7744140625","","","","","",""
"1445000","844","844","844","2666.7138671875","2666.7138671875","2666.7138671875","844","844","844","577.0671997070312","577.0671997070312","577.0671997070312","","","","","",""
"1450000","847","847","847","3336.896728515625","3336.896728515625","3336.896728515625","847","847","847","478.61572265625","478.61572265625","478.61572265625","","","","","",""
"1455000","850","850","850","2960.835693359375","2960.835693359375","2960.835693359375","850","850","850","309.03271484375","309.03271484375","309.03271484375","","","","","",""
"1460000","853","853","853","3164.751220703125","3164.751220703125","3164.751220703125","853","853","853","809.6589965820312","809.6589965820312","809.6589965820312","","","","","",""
"1465000","856","856","856","3185.701171875","3185.701171875","3185.701171875","856","856","856","1467.08056640625","1467.08056640625","1467.08056640625","","","","","",""
"1470000","859","859","859","3206.395751953125","3206.395751953125","3206.395751953125","859","859","859","663.00830078125","663.00830078125","663.00830078125","","","","","",""
"1475000","862","862","862","2957.2587890625","2957.2587890625","2957.2587890625","862","862","862","2484.512451171875","2484.512451171875","2484.512451171875","","","","","",""
"1480000","865","865","865","2880.986572265625","2880.986572265625","2880.986572265625","865","865","865","712.2189331054688","712.2189331054688","712.2189331054688","","","","","",""
"1485000","868","868","868","3327.532470703125","3327.532470703125","3327.532470703125","868","868","868","198.0994415283203","198.0994415283203","198.0994415283203","","","","","",""
"1490000","871","871","871","3269.99169921875","3269.99169921875","3269.99169921875","871","871","871","1313.1156005859375","1313.1156005859375","1313.1156005859375","","","","","",""
"1495000","873","873","873","3360.841796875","3360.841796875","3360.841796875","873","873","873","683.6430053710938","683.6430053710938","683.6430053710938","","","","","",""
"1500000","876","876","876","3267.07177734375","3267.07177734375","3267.07177734375","876","876","876","323.34674072265625","323.34674072265625","323.34674072265625","","","","","",""
"1505000","879","879","879","2873.396728515625","2873.396728515625","2873.396728515625","879","879","879","521.7301635742188","521.7301635742188","521.7301635742188","","","","","",""
"1510000","882","882","882","3153.764404296875","3153.764404296875","3153.764404296875","882","882","882","990.1907958984375","990.1907958984375","990.1907958984375","","","","","",""
"1515000","885","885","885","2814.172607421875","2814.172607421875","2814.172607421875","885","885","885","723.835205078125","723.835205078125","723.835205078125","","","","","",""
"1520000","888","888","888","3170.493896484375","3170.493896484375","3170.493896484375","888","888","888","423.5484924316406","423.5484924316406","423.5484924316406","","","","","",""
"1525000","891","891","891","547.2318725585938","547.2318725585938","547.2318725585938","891","891","891","540.29150390625","540.29150390625","540.29150390625","","","","","",""
"1530000","894","894","894","2511.81298828125","2511.81298828125","2511.81298828125","894","894","894","1224.5494384765625","1224.5494384765625","1224.5494384765625","","","","","",""
"1535000","897","897","897","3211.90625","3211.90625","3211.90625","897","897","897","137.10848999023438","137.10848999023438","137.10848999023438","","","","","",""
"1540000","900","900","900","2343.14306640625","2343.14306640625","2343.14306640625","900","900","900","860.8077392578125","860.8077392578125","860.8077392578125","","","","","",""
"1545000","903","903","903","3172.115234375","3172.115234375","3172.115234375","903","903","903","682.5472412109375","682.5472412109375","682.5472412109375","","","","","",""
"1550000","906","906","906","3494.55908203125","3494.55908203125","3494.55908203125","906","906","906","2926.776611328125","2926.776611328125","2926.776611328125","","","","","",""
"1555000","909","909","909","2710.90625","2710.90625","2710.90625","909","909","909","1059.5751953125","1059.5751953125","1059.5751953125","","","","","",""
"1560000","912","912","912","3067.629638671875","3067.629638671875","3067.629638671875","912","912","912","2028.0245361328125","2028.0245361328125","2028.0245361328125","","","","","",""
"1565000","915","915","915","2910.451416015625","2910.451416015625","2910.451416015625","915","915","915","1254.3258056640625","1254.3258056640625","1254.3258056640625","","","","","",""
"1570000","918","918","918","1541.0819091796875","1541.0819091796875","1541.0819091796875","918","918","918","775.1732788085938","775.1732788085938","775.1732788085938","","","","","",""
"1575000","921","921","921","1169.7852783203125","1169.7852783203125","1169.7852783203125","921","921","921","1433.889404296875","1433.889404296875","1433.889404296875","","","","","",""
"1580000","924","924","924","433.78485107421875","433.78485107421875","433.78485107421875","924","924","924","3442.067138671875","3442.067138671875","3442.067138671875","","","","","",""
"1585000","927","927","927","2365.406494140625","2365.406494140625","2365.406494140625","927","927","927","1042.9638671875","1042.9638671875","1042.9638671875","","","","","",""
"1590000","930","930","930","497.9857177734375","497.9857177734375","497.9857177734375","930","930","930","1098.3033447265625","1098.3033447265625","1098.3033447265625","","","","","",""
"1595000","933","933","933","205.73255920410156","205.73255920410156","205.73255920410156","933","933","933","1143.024169921875","1143.024169921875","1143.024169921875","","","","","",""
"1600000","935","935","935","-135.08319091796875","-135.08319091796875","-135.08319091796875","","","","","","","","","","","",""
"1605000","937","937","937","-217.56651306152344","-217.56651306152344","-217.56651306152344","","","","","","","","","","","",""
"1610000","940","940","940","-342.8118591308594","-342.8118591308594","-342.8118591308594","","","","","","","","","","","",""
"1615000","943","943","943","2865.98095703125","2865.98095703125","2865.98095703125","","","","","","","","","","","",""
"1620000","946","946","946","230.87939453125","230.87939453125","230.87939453125","","","","","","","","","","","",""
"1625000","949","949","949","2350.268798828125","2350.268798828125","2350.268798828125","","","","","","","","","","","",""
"1630000","952","952","952","2215.524658203125","2215.524658203125","2215.524658203125","","","","","","","","","","","",""
"1635000","955","955","955","1374.5452880859375","1374.5452880859375","1374.5452880859375","","","","","","","","","","","",""
"1640000","958","958","958","2835.4765625","2835.4765625","2835.4765625","","","","","","","","","","","",""
"1645000","962","962","962","2886.95263671875","2886.95263671875","2886.95263671875","","","","","","","","","","","",""